  ;facteur;NA;NA;NA;NA;NA;NA;NA;NA;NA;
le;0.609;0.107;0.027;0;0.093;0.032;0.081;0.009;0.027;0.003
de;0.15;0.067;0.371;0.058;0.032;0.143;0.008;0.008;0.024;0.001
du;0.154;0.096;0.296;0.181;0.001;0.063;0.012;0.025;0.122;0.006
et;0;0.044;0.018;0.057;0.281;0.421;0.002;0.077;0.001;0.063
un;0.025;0.313;0.009;0.089;0.116;0.317;0.007;0;0.019;0.071
à;0.748;0.108;0.006;0.001;0.006;0.009;0.001;0.028;0.053;0.02
être;0.249;0.008;0.062;0.105;0.16;0.114;0.037;0.008;0.049;0.043
en;0.016;0.006;0.343;0.069;0.019;0.242;0.019;0.03;0.047;0.203
@card@;0.656;0.01;0.004;0.042;0.261;0;0.002;0.001;0;0.024
dans;0.003;0.09;0.082;0.115;0.051;0.056;0.391;0.148;0.007;0.055
au;0.122;0.147;0.171;0.359;0.133;0.002;0.004;0.045;0;0.018
ce;0.098;0.015;0.002;0.273;0.154;0.08;0.074;0.28;0;0.016
sur;0.009;0;0.159;0.115;0.217;0.011;0.259;0.189;0;0.009
par;0.083;0.015;0.22;0.266;0.031;0.088;0.152;0.137;0.002;0.002
que;0.488;0.109;0.008;0.194;0;0.089;0.075;0;0;0.002
pouvoir;0.093;0.027;0;0.011;0.246;0.084;0.001;0.227;0.168;0.004
se;0.187;0.009;0.026;0.227;0.066;0.001;0.009;0.281;0.147;0.026
pour;0.041;0.122;0.452;0.282;0.002;0.057;0.008;0.02;0.011;0.004
qui;0.392;0.072;0.149;0.116;0.185;0.043;0.022;0.004;0.009;0.006
ou;0.56;0.044;0.18;0.039;0.024;0.006;0.002;0.009;0.03;0.101
il;0.426;0.041;0.011;0;0.055;0.057;0.111;0;0.004;0.282
son;0.422;0.007;0.238;0.079;0.195;0.003;0.007;0.004;0.027;0.007
élève;0.055;0.169;0.283;0.005;0.237;0.209;0.023;0;0.007;0.001
avec;0.049;0.078;0.016;0.02;0.518;0.001;0.015;0.003;0;0.296
permettre;0.017;0.015;0.608;0.009;0.125;0.002;0.13;0.083;0.001;0
leur;0.157;0.14;0.176;0.274;0.067;0.005;0.09;0.041;0.002;0.033
thème;0.029;0.251;0.538;0.05;0.002;0.033;0.001;0.031;0.014;0.033
avoir;0.254;0.011;0.324;0.006;0.036;0.053;0.066;0.104;0.023;0.122
plus;0.091;0.005;0.185;0.128;0.035;0.086;0.12;0.032;0.271;0.048
liberté;0.498;0.023;0.119;0.005;0.01;0.183;0.126;0.01;0.002;0.024
faire;0.457;0.028;0.006;0.161;0.131;0.002;0.042;0.147;0;0.024
étude;0.495;0.207;0.002;0.006;0.023;0.02;0.041;0.037;0.115;0.049
ne;0.648;0.072;0.003;0.005;0.056;0.037;0.003;0.104;0.006;0.056
comme;0.254;0.001;0.03;0.108;0;0.204;0.017;0.068;0.126;0.087
elle;0.164;0.042;0.058;0.376;0.068;0.025;0.083;0.015;0.035;0.132
entre;0.126;0.051;0.004;0;0.204;0.031;0.33;0.038;0.001;0.098
politique;0.553;0.001;0.061;0.075;0.01;0.011;0.016;0.034;0.027;0.121
droit;0.513;0.006;0.243;0.028;0.072;0.001;0.025;0.034;0.039;0.003
on;0.032;0.034;0.121;0.24;0.026;0.031;0.122;0;0.365;0
pas;0.515;0.006;0.005;0.006;0.033;0.035;0.02;0.309;0.03;0.029
question;0.036;0.01;0.294;0.358;0.04;0;0.034;0.093;0.044;0.074
mais;0.006;0.02;0.07;0.359;0;0.134;0.113;0.128;0.155;0.005
tout;0.136;0.009;0.104;0;0.136;0.02;0.003;0.004;0.063;0.208
autre;0.135;0.045;0.336;0.008;0.093;0.009;0.024;0.081;0.003;0.191
grand;0.181;0.199;0.198;0.125;0.003;0.005;0.003;0.044;0.219;0.01
celui;0.263;0.025;0.036;0;0.302;0;0.001;0.033;0.001;0.271
professeur;0.105;0.021;0.059;0;0.226;0.125;0.092;0.056;0.001;0.129
monde;0.168;0.013;0.017;0.358;0.073;0.027;0.308;0.032;0;0.002
société;0.01;0.464;0.178;0.074;0.022;0.106;0.058;0.021;0.029;0.006
mettre;0.2;0.186;0.351;0.072;0.015;0.018;0.045;0.043;0.007;0.049
exemple;0.039;0.118;0.15;0;0.008;0.045;0.121;0.055;0.288;0.169
expression;0.305;0.004;0.362;0.014;0.087;0.003;0.158;0.035;0.018;0.013
devoir;0.372;0.157;0.021;0.003;0.086;0.219;0.008;0;0.044;0.087
représentation;0.268;0.003;0.215;0.111;0.074;0.001;0.019;0.153;0.005;0.076
développement;0.657;0.253;0.001;0.071;0.005;0;0.002;0;0.007;0
siècle;0.674;0.037;0.008;0.044;0.165;0.008;0.004;0.029;0.01;0.007
classe;0.018;0.134;0.749;0;0.052;0.023;0;0.01;0.01;0.001
espace;0.363;0.499;0.001;0.004;0.037;0.013;0;0.062;0.007;0.002
territoire;0.211;0.514;0;0.171;0.037;0.022;0;0.005;0.04;0
comprendre;0.001;0.108;0.348;0.01;0.279;0;0.092;0.009;0.005;0.023
aborder;0.04;0.016;0.694;0.023;0.003;0.032;0.123;0.001;0.026;0
premier;0.145;0.043;0.708;0.005;0.001;0.061;0.008;0.001;0.001;0.001
programme;0.011;0.03;0.013;0.209;0.029;0.096;0.1;0.413;0.024;0.073
différent;0.297;0.223;0.217;0.02;0.011;0;0.037;0.131;0.006;0.045
pays;0.526;0.155;0.028;0.011;0.185;0.034;0.011;0.018;0.028;0.001
aussi;0.079;0.17;0.513;0.001;0.005;0.074;0.08;0.008;0.017;0.031
la|le;0.741;0.027;0.02;0.047;0.014;0;0.093;0.004;0;0.006
France;0.125;0.271;0.051;0.342;0.002;0.14;0.002;0.042;0.004;0
ainsi;0.031;0.002;0.145;0.234;0.096;0;0.057;0.099;0.156;0.154
mondial;0.312;0.096;0;0.026;0.459;0.104;0;0;0.001;0.001
échelle;0.838;0.109;0.001;0.002;0.001;0.004;0.031;0.002;0.009;0
temps;0.267;0.179;0.248;0.04;0.064;0.001;0.024;0.006;0.1;0.055
social;0.072;0.141;0.008;0.232;0.011;0.002;0.007;0.106;0.016;0.207
nouveau;0.243;0.175;0.103;0.084;0.066;0.006;0.03;0.017;0.235;0.041
histoire;0.544;0.003;0.202;0.036;0.018;0.032;0.012;0.116;0.024;0.002
européen;0.048;0.435;0.054;0.23;0.022;0.121;0.014;0;0.061;0.005
lien;0.216;0.365;0.033;0.001;0.194;0.094;0.019;0;0.049;0.009
travail;0.043;0.184;0.006;0.219;0.012;0;0.046;0.209;0.189;0.085
démocratie;0.138;0;0.55;0.002;0.177;0.012;0.041;0.023;0.018;0.006
loi;0.197;0.002;0.5;0.019;0.066;0.087;0.003;0.021;0.018;0.075
français;0.093;0.39;0.046;0.401;0.01;0.039;0.002;0.002;0.012;0.005
mondialisation;0.217;0.214;0.06;0.325;0.138;0.003;0.035;0.005;0;0.003
culture;0.152;0;0.214;0.11;0;0.14;0.172;0.009;0.001;0.086
national;0.04;0.144;0.046;0.078;0.001;0.366;0.071;0.048;0.073;0.13
deux;0.031;0.14;0.027;0.041;0.068;0;0.258;0.366;0;0.068
cas;0.717;0.09;0;0.019;0.016;0.039;0.047;0.03;0.035;0.002
discrimination;0.097;0.156;0;0.086;0.001;0.041;0.021;0.172;0.411;0.002
ressource;0.445;0.192;0.07;0.075;0.012;0.065;0.081;0.001;0;0.002
même;0.309;0.001;0.205;0.014;0.009;0.076;0.004;0.045;0;0.26
égalité;0.146;0.026;0.273;0.134;0.07;0.318;0.001;0.002;0;0.002
œuvre;0.291;0.044;0.217;0.02;0.018;0.002;0.097;0.221;0.069;0.013
également;0.192;0.006;0.011;0.056;0.238;0.122;0.011;0.179;0.008;0.001
partir;0.182;0.209;0.096;0.005;0.128;0.029;0.186;0.133;0.022;0.01
travailler;0;0.228;0.513;0.023;0.037;0.001;0.135;0.012;0.025;0.027
cadre;0.097;0;0.017;0.032;0.012;0;0.172;0;0.36;0.267
vie;0.042;0.432;0.216;0.088;0.031;0.053;0.063;0.015;0.006;0.054
notion;0.054;0.145;0.177;0.001;0.003;0.36;0.007;0.155;0.081;0
notamment;0;0.247;0.128;0.001;0.266;0.011;0.001;0.232;0.009;0.074
mise;0.304;0.043;0.098;0.001;0.069;0.173;0.061;0.032;0.006;0.188
guerre;0.275;0;0.121;0.033;0.232;0.233;0.053;0.032;0.004;0
Europe;0.589;0.001;0.065;0.007;0;0.017;0.004;0.07;0.001;0.237
personne;0.14;0.079;0.043;0.057;0.006;0.075;0.057;0.073;0.413;0.058
place;0.404;0.017;0.376;0.044;0;0.052;0;0.07;0.035;0
citoyen;0.009;0.127;0.674;0.01;0.006;0;0.054;0.084;0.028;0.004
république;0.241;0.001;0.475;0;0.213;0.01;0.029;0.011;0.002;0.015
situation;0.382;0.163;0.02;0;0.129;0.207;0.005;0.003;0.011;0
économique;0.434;0.023;0.087;0.223;0.102;0.015;0.095;0.004;0.001;0.017
quel;0.063;0.083;0.795;0.004;0.018;0.012;0.012;0;0.007;0.004
forme;0.284;0.019;0.44;0.018;0.008;0.027;0.003;0.039;0.021;0.056
choisir;0.194;0.002;0.185;0.003;0.025;0.178;0.073;0.327;0;0.011
choix;0.779;0.094;0;0.013;0.017;0.004;0.035;0.039;0.001;0.004
art;0.392;0;0.314;0.144;0.001;0.058;0.047;0.029;0.004;0.005
dont;0.124;0.001;0.269;0.156;0.033;0;0.051;0.162;0.005;0.147
principe;0.506;0.011;0.075;0;0.019;0.141;0.156;0.025;0.001;0.05
femme;0.154;0.021;0.541;0.004;0.14;0.071;0.002;0.003;0.009;0.04
possible;0.045;0.017;0.008;0.074;0.158;0.106;0.158;0.302;0.026;0.005
contre;0.031;0.493;0.026;0;0.291;0.053;0.012;0.016;0.013;0.001
débat;0.01;0.048;0.005;0.118;0.196;0.037;0.127;0.25;0.062;0.103
lieu;0.004;0.171;0.155;0.024;0.002;0.186;0.023;0.052;0.336;0.017
site;0.022;0.009;0.181;0.437;0.155;0.01;0;0.005;0.007;0.063
action;0.035;0.002;0.269;0.033;0.119;0.065;0.057;0;0.134;0.287
donner;0.089;0;0.004;0.166;0.078;0.019;0;0.002;0.284;0
comment;0.159;0.013;0.477;0.007;0.046;0.003;0.113;0.088;0.006;0.061
puissance;0;0.175;0.017;0.098;0.472;0.007;0.005;0.008;0.088;0.042
prendre;0.076;0.187;0.194;0;0.059;0.018;0.012;0.282;0.112;0.012
groupe;0.031;0.027;0.142;0.381;0.095;0.039;0.07;0.069;0.145;0.001
enjeu;0.561;0.037;0.052;0.02;0.05;0.033;0.008;0.072;0.161;0.003
rôle;0.002;0.008;0.002;0.001;0.03;0.017;0.254;0.012;0.041;0.105
partie;0.105;0.029;0.14;0.539;0.064;0.034;0.009;0.051;0.021;0.001
compétence;0.008;0.058;0.72;0.061;0.011;0.058;0;0.045;0.011;0.025
réflexion;0.089;0.138;0.008;0.149;0;0.257;0.113;0.001;0.059;0.098
si;0.21;0.052;0.035;0.025;0.212;0.032;0.016;0.013;0.038;0.323
homme;0.05;0.289;0.016;0.175;0.009;0.07;0.018;0.016;0.001;0.262
étudier;0.025;0.458;0.004;0.151;0.059;0.044;0.023;0;0.232;0
agir;0.092;0;0;0.096;0.382;0.17;0.109;0.002;0.109;0.016
ensemble;0.256;0.242;0.15;0.1;0.002;0.002;0;0.028;0.029;0.028
population;0.642;0.175;0.007;0.064;0.005;0.005;0.082;0.007;0.003;0.01
éducation;0.197;0.308;0.004;0.104;0.019;0.078;0.134;0.007;0.101;0.04
séquence;0;0.198;0.027;0.032;0.277;0.032;0.038;0;0.001;0.024
violence;0.422;0.004;0.012;0.05;0.047;0.335;0.032;0.017;0;0.046
ville;0.255;0.119;0.06;0.027;0.01;0;0.015;0.121;0.359;0.001
certain;0.382;0.296;0.002;0.035;0.005;0.012;0.014;0;0.008;0.002
inégalité;0.727;0.029;0.004;0.079;0.009;0.036;0.001;0.027;0.027;0
sans;0.27;0.184;0.222;0;0.006;0.083;0.092;0.001;0.093;0.048
proposer;0.381;0.059;0.129;0.021;0.002;0.13;0.023;0.048;0.116;0.081
révolution;0.341;0.037;0.015;0;0;0.196;0.388;0.015;0.001;0.005
développer;0.283;0.165;0.002;0.237;0.09;0.053;0.028;0.044;0.004;0
année;0.327;0.002;0.234;0.002;0.407;0.008;0.001;0;0.002;0
États;0.532;0.005;0.003;0.05;0.195;0.024;0.025;0.042;0.121;0.002
montrer;0.213;0.036;0.32;0.04;0.166;0;0.153;0;0.016;0.001
lier;0.56;0.001;0.015;0;0.005;0.022;0.039;0.007;0.204;0.002
opinion;0.215;0.036;0.104;0.054;0.211;0.011;0.043;0.106;0.017;0.086
autour;0.043;0.031;0.106;0.066;0.295;0.059;0.002;0.168;0.07;0.16
problématique;0.242;0.143;0.04;0.001;0.014;0.078;0.454;0;0;0.028
idée;0.7;0.003;0.008;0.01;0.118;0.037;0.055;0.005;0.027;0.035
parcours;0.011;0.145;0.588;0.006;0.055;0.138;0.003;0.008;0.037;0.009
presse;0.078;0;0.003;0.123;0.166;0.1;0.249;0.152;0.009;0.117
bien;0.023;0.027;0.164;0.064;0.325;0.14;0.033;0.08;0.075;0.067
général;0.319;0.08;0.098;0.091;0.001;0.176;0.022;0.01;0.022;0.011
appuyer;0.002;0.009;0.004;0.449;0;0.17;0.009;0.33;0.013;0.001
travers;0.003;0.011;0.79;0.034;0.004;0;0.001;0.07;0.002;0.044
acteur;0.545;0.001;0;0.088;0.108;0.002;0.169;0.003;0.08;0
engagement;0.047;0.003;0;0.074;0.014;0.217;0.384;0.165;0.036;0.02
fait;0.355;0.003;0.002;0.073;0.094;0.032;0.274;0.001;0.001;0.018
valeur;0.278;0.045;0.293;0.136;0.021;0.015;0.074;0.008;0.021;0.093
lui;0.288;0.008;0.06;0.003;0.019;0.005;0.051;0.194;0.023;0.122
information;0.295;0.143;0.02;0.351;0.109;0.03;0.041;0.002;0.003;0
approche;0.22;0.153;0.045;0.112;0.127;0.022;0.006;0.001;0.038;0.069
relation;0.203;0.001;0.19;0.027;0.246;0.103;0.009;0.217;0.001;0
lequel;0.005;0.144;0.029;0.122;0.054;0.089;0.019;0.034;0.362;0.011
réseau;0.288;0.266;0.076;0.178;0.026;0.005;0.001;0.042;0.103;0.006
second;0.164;0;0.482;0.037;0.086;0.108;0.007;0.078;0.015;0.015
carte;0.015;0.03;0.118;0.223;0.078;0;0.226;0.264;0.006;0.037
évolution;0.006;0.006;0.476;0.113;0.017;0.225;0.034;0.004;0.043;0
point;0.013;0.002;0.053;0;0.019;0.432;0.004;0.173;0.003;0.155
construire;0.08;0.147;0.061;0.457;0.078;0.058;0.097;0.003;0.011;0.007
international;0.081;0.07;0;0.049;0.633;0.001;0.029;0.05;0.003;0.042
risque;0.433;0.391;0.034;0.109;0.007;0.009;0.01;0.001;0.006;0
poser;0.191;0.046;0.522;0.008;0.124;0.043;0.051;0.01;0;0.005
définir;0.036;0.007;0.384;0.19;0.166;0.047;0.008;0.001;0.148;0
racisme;0.305;0.013;0.037;0.004;0;0.314;0.306;0;0.017;0.002
géographie;0.408;0.048;0.026;0.13;0.085;0.077;0.049;0.05;0.004;0.032
diversité;0.219;0.005;0.087;0.289;0.082;0.091;0.013;0.132;0.066;0.006
représenter;0.108;0.063;0.188;0.079;0.022;0.065;0.246;0.009;0.081;0.136
fort;0.512;0.001;0.211;0.006;0.044;0.031;0.104;0.017;0.007;0.06
humain;0.801;0.145;0;0.003;0.009;0.002;0.017;0.005;0.011;0.006
porter;0.165;0.116;0.037;0.341;0.164;0.072;0;0.001;0.025;0.002
majeur;0.755;0.004;0.094;0.035;0.013;0.071;0.001;0.004;0.014;0.001
représentant;0.165;0.104;0.068;0.001;0.256;0.033;0.137;0.028;0.074;0.124
où;0.006;0.31;0.236;0.086;0;0.031;0.074;0.066;0.046;0.02
construction;0.05;0.309;0.044;0.021;0;0.09;0.164;0.065;0.223;0.032
urbain;0.186;0.54;0.042;0.001;0.115;0;0.01;0.04;0.061;0
pratique;0.292;0.114;0.089;0.115;0.038;0.101;0;0.033;0.205;0.012
quelque;0.037;0.046;0.392;0.136;0.008;0.015;0.104;0.062;0.013;0.176
effet;0.646;0.02;0.014;0.002;0.027;0.004;0.001;0.059;0.209;0.002
pédagogique;0.144;0.055;0.234;0;0.003;0.066;0.102;0.185;0.064;0.144
rapport;0.28;0.24;0.131;0.017;0.03;0.004;0;0.025;0.076;0.194
dimension;0.002;0.061;0.174;0.025;0.105;0.002;0.056;0.427;0.119;0.016
culturel;0.007;0.132;0.096;0.516;0.1;0.009;0.001;0.064;0.074;0
projet;0.107;0.273;0.01;0.092;0.003;0.002;0.079;0.124;0.207;0.03
identifier;0.353;0.031;0.027;0.062;0.026;0.144;0.255;0.004;0.042;0.018
alors;0.309;0.009;0.131;0.016;0.05;0.093;0.009;0;0.164;0.014
terme;0.178;0.007;0.442;0.025;0.147;0.002;0.02;0.146;0.022;0.006
identité;0.054;0.313;0.216;0.129;0;0.004;0.002;0.001;0.172;0.097
sous;0.021;0.028;0.336;0.13;0.01;0.01;0.076;0.231;0.086;0.065
sein;0.19;0.046;0.052;0.09;0.038;0.001;0.093;0.152;0.166;0.08
respect;0.046;0.117;0.258;0.027;0.217;0.143;0.001;0.01;0.063;0.098
métropole;0.265;0.388;0.075;0.102;0.137;0.001;0.02;0.006;0.002;0.002
principal;0.233;0.306;0.12;0.057;0.133;0.017;0.022;0.015;0.038;0.004
crise;0.188;0.003;0.249;0.007;0.16;0.047;0.051;0.193;0.043;0.023
présenter;0.274;0.026;0.094;0.104;0.068;0.012;0.009;0.076;0.029;0.242
selon;0.34;0.003;0.219;0.151;0.082;0.008;0.003;0.011;0.142;0.039
État;0.053;0.015;0.007;0.378;0;0.044;0.159;0.17;0.099;0.022
objectif;0.115;0.005;0.013;0.126;0.057;0.245;0.13;0.149;0.005;0
démocratique;0.085;0.029;0.485;0.001;0.177;0.013;0.105;0.031;0.059;0.005
démarche;0.459;0.06;0.098;0.023;0.033;0.128;0.001;0.003;0.039;0.008
http;0.021;0;0.233;0.493;0.136;0.005;0.005;0.009;0.032;0.046
collège;0.007;0.216;0.105;0.358;0;0.001;0.091;0.203;0;0.007
séance;0.239;0.018;0.105;0.009;0.003;0.035;0.163;0.212;0.037;0.177
non;0.026;0.005;0.012;0.276;0.019;0.002;0.218;0.002;0.013;0.004
y;0.004;0.135;0.07;0.25;0.004;0.341;0.035;0.002;0.127;0
important;0.008;0.007;0.073;0.122;0.087;0.142;0.001;0.321;0.052;0.051
capacité;0.337;0.007;0.006;0.036;0.044;0.187;0.196;0.011;0.082;0.011
heure;0.024;0.021;0.118;0.276;0.224;0.01;0.004;0.071;0.21;0.033
encore;0.092;0.148;0.038;0.174;0.071;0.028;0.15;0.287;0.008;0
période;0.488;0.016;0.039;0.028;0.083;0;0.004;0.058;0.004;0.276
local;0.474;0.001;0.052;0.013;0.127;0.003;0.054;0.134;0.127;0.008
dynamique;0.241;0.601;0;0.011;0.063;0.002;0.011;0.004;0.009;0.054
nombreux;0.181;0.057;0.165;0.095;0.058;0.038;0.004;0.007;0.069;0.256
entrée;0.051;0.001;0.316;0.025;0.01;0.132;0;0.142;0.001;0.198
document;0.1;0.035;0.055;0.404;0;0.299;0.003;0.03;0.03;0.027
Afrique;0.026;0.019;0.094;0.137;0.012;0.004;0.002;0.259;0.344;0.046
règle;0.006;0.009;0.444;0.169;0.007;0.003;0.029;0.101;0.013;0.151
article;0.101;0.102;0.103;0.002;0.007;0.26;0.236;0.024;0.03;0.131
religieux;0.117;0.006;0.105;0.158;0.256;0.049;0.099;0.136;0;0.037
très;0.386;0.012;0.164;0.219;0.009;0.003;0.006;0.022;0.129;0.045
aller;0.059;0.04;0.584;0.149;0.118;0.001;0;0.009;0.001;0.001
fin;0.47;0.003;0;0.155;0.038;0.117;0.186;0.002;0.005;0.015
souligner;0.565;0;0.004;0;0.08;0.107;0.014;0.027;0.093;0.001
proposition;0.239;0.018;0.105;0.009;0.003;0.035;0.163;0.212;0.037;0.177
enseignement;0.045;0.159;0.53;0;0.109;0;0.014;0.002;0.125;0.015
constituer;0.152;0.11;0.009;0.163;0.349;0.043;0.02;0.015;0.106;0.005
contexte;0.091;0.09;0.21;0.007;0.062;0.001;0.001;0.5;0.013;0.01
depuis;0.194;0.001;0.082;0.091;0.416;0.127;0.009;0.069;0.001;0.01
chacun;0.143;0;0.063;0.185;0.038;0.129;0.146;0.012;0.004;0.002
consacrer;0.081;0.181;0.341;0.062;0.027;0.179;0;0.035;0.091;0.001
région;0.235;0.439;0.028;0.127;0.003;0.11;0.014;0.015;0.002;0.003
n;0.114;0.002;0.436;0.232;0.03;0.051;0;0.025;0.008;0.07
croissance;0.335;0.183;0.084;0.007;0.038;0.083;0.183;0.045;0.025;0.004
organisation;0.049;0.209;0.318;0.01;0.002;0.001;0.006;0.006;0.007;0.03
durable;0.613;0.182;0.077;0.065;0.018;0.004;0.005;0.005;0.024;0
production;0.125;0.053;0.058;0.003;0.519;0.013;0;0.076;0.016;0.004
fois;0.37;0.011;0.039;0.137;0.024;0.08;0.13;0.125;0.028;0.022
cela;0.123;0.003;0.062;0.003;0.237;0.038;0.293;0.004;0.201;0.011
particulier;0.144;0.046;0.02;0;0.024;0.131;0.058;0.413;0.07;0.016
élection;0.254;0;0.487;0.017;0.091;0.039;0;0.001;0.002;0.085
connaître;0.115;0.02;0.14;0.004;0;0.204;0.012;0.077;0.42;0.008
pourquoi;0;0.306;0.287;0.007;0.225;0.001;0.015;0.033;0.005;0.052
sens|sen;0.258;0.001;0.268;0.011;0.004;0;0.067;0.222;0.139;0.003
moins;0.215;0.031;0.02;0.258;0.202;0;0.007;0.081;0.02;0.152
vote;0.214;0;0.563;0.009;0.143;0.018;0.001;0.001;0;0.031
occasion;0.156;0.141;0.058;0.038;0.169;0.08;0.223;0.075;0;0.03
part;0.07;0.371;0.37;0.015;0.005;0.003;0.038;0.033;0.049;0.018
caractère;0.004;0.012;0.089;0.048;0.093;0.195;0.002;0.201;0.011;0.038
lutte;0.03;0.237;0.05;0.003;0.318;0.001;0.125;0.11;0;0.076
trois;0.223;0.07;0.352;0.009;0.001;0.068;0.008;0.021;0;0.026
afin;0.284;0.192;0.004;0.003;0.123;0.003;0.19;0.113;0.042;0.012
voir;0.661;0.03;0.14;0.078;0.003;0.039;0;0.002;0.006;0.027
mode;0.545;0.117;0;0.003;0.033;0.114;0.062;0;0.105;0.003
collectif;0.155;0.246;0.099;0.026;0.032;0.027;0.236;0.032;0.031;0.061
publique;0;0.079;0.07;0.357;0;0.181;0.037;0.026;0.104;0.029
manière;0.077;0.001;0.584;0.06;0.006;0.107;0.001;0.011;0.007;0.066
façon;0.008;0.007;0.21;0.033;0.075;0.213;0.004;0.316;0.001;0.018
amener;0.321;0.005;0.027;0.142;0.132;0.004;0.339;0.006;0.001;0
pauvreté;0.543;0.397;0;0.021;0.019;0.009;0.007;0.001;0;0.003
limite;0.012;0.021;0.387;0.067;0.036;0.016;0.001;0.291;0.001;0.065
fr;0.03;0;0.23;0.528;0.105;0;0.001;0.02;0.045;0.011
organiser;0.049;0;0.118;0.083;0.063;0.279;0.096;0.028;0.197;0.036
fondamental;0.038;0.036;0.336;0.106;0.149;0.019;0;0.041;0.131;0.064
définition;0.004;0;0.064;0.034;0.352;0.071;0.346;0.006;0.03;0.033
plusieurs;0.229;0.181;0.001;0.047;0.028;0.056;0.328;0.043;0.005;0.048
donc;0.107;0.345;0.038;0.005;0.11;0.165;0.01;0.01;0.164;0.031
réfléchir;0.01;0.322;0.008;0.001;0.031;0.315;0.113;0.041;0.024;0.002
réaliser;0;0.29;0.001;0.064;0.148;0.097;0.021;0.024;0.001;0.26
face;0.24;0.073;0.31;0.089;0.001;0.105;0.04;0.011;0.124;0.001
perspective;0.56;0.004;0.031;0.268;0.015;0.01;0.015;0.017;0.005;0.001
condition;0.012;0.266;0.047;0.05;0.018;0.104;0.11;0;0.294;0.059
troisième;0.122;0.098;0.001;0.47;0.147;0.007;0.009;0.08;0.05;0.014
texte;0.294;0.011;0.163;0.061;0;0.252;0.012;0;0.029;0.09
interroger;0.129;0.07;0.008;0.244;0.075;0.252;0.067;0.011;0.121;0.008
activité;0.246;0.014;0.188;0.024;0.001;0.06;0.03;0.014;0.073;0.337
démographique;0.423;0.262;0.067;0.066;0.042;0.057;0.068;0;0.007;0.001
médias;0.435;0.008;0.1;0.128;0.241;0.032;0.023;0;0.024;0.007
vers;0.013;0.186;0.044;0.117;0.02;0.149;0.067;0;0.032;0.334
éviter;0.004;0;0.035;0.385;0.002;0.058;0.131;0.049;0.109;0.202
association;0.017;0.201;0.064;0.003;0.033;0.422;0.095;0.003;0.141;0.02
tel;0.129;0;0.228;0.036;0.289;0.05;0.094;0.017;0.028;0.037
image;0.232;0.026;0.451;0.001;0.002;0.056;0.103;0.074;0.006;0.011
universel;0.09;0.007;0.45;0.001;0.047;0.252;0.001;0.008;0.02;0.124
finalité;0.006;0.098;0.01;0.247;0.01;0.075;0;0.015;0.007;0.062
autrui;0.239;0.018;0.105;0.009;0.003;0.035;0.163;0.212;0.037;0.177
moyen;0.005;0;0.234;0.167;0.109;0.022;0.155;0.001;0.108;0.186
régime;0.384;0;0.128;0.056;0.273;0.077;0.001;0.016;0.002;0.006
rendre;0.305;0.005;0.068;0.026;0.128;0.167;0.029;0.18;0.01;0.077
devenir;0.196;0.043;0.004;0.18;0.014;0.003;0.032;0.011;0.002;0.514
origine;0;0.002;0.173;0.378;0.016;0.004;0.009;0.006;0.029;0.319
spatial;0.484;0.405;0;0.004;0.016;0.005;0.011;0.028;0.041;0.004
analyser;0.151;0.014;0.411;0.018;0.029;0.313;0.051;0.006;0.004;0.001
notre;0.092;0.005;0.648;0.008;0.006;0;0.097;0.107;0;0.034
conflit;0.051;0.003;0.325;0.002;0.126;0.14;0.229;0.093;0.006;0.001
Histoire;0.24;0.002;0.225;0.142;0.004;0.201;0.005;0.01;0.033;0.053
aujourd'hui;0.46;0.067;0.014;0;0.049;0.028;0.014;0;0.174;0.132
flux;0.236;0.143;0.068;0.325;0.15;0.014;0.036;0.001;0.02;0.003
conduire;0.392;0.022;0.001;0.027;0.315;0.008;0.003;0.004;0.064;0.159
www;0.063;0;0.236;0.487;0.117;0.017;0.009;0.018;0.049;0.003
objet;0.17;0.204;0.103;0.212;0.08;0.004;0.005;0.081;0.031;0.058
cur;0.009;0.088;0.083;0.313;0.179;0.156;0;0.009;0.034;0.112
ordre;0.353;0.06;0.093;0.097;0.236;0.003;0.063;0.006;0;0.052
conquête;0.277;0.066;0.069;0.032;0.084;0.001;0.019;0.021;0.023;0.299
exprimer;0.004;0.018;0.021;0.033;0.375;0.086;0.061;0.259;0.025;0.107
global;0.259;0.095;0.063;0.014;0.008;0.208;0.191;0.007;0.128;0.005
analyse;0.9;0.085;0;0;0;0;0.005;0.002;0.002;0.004
différence;0.009;0.055;0;0.024;0.109;0.027;0.502;0.015;0.019;0.206
support;0.368;0.017;0.369;0.003;0.03;0.006;0.017;0.102;0.042;0.021
particulièrement;0.135;0.153;0.009;0.464;0.006;0.091;0.002;0.042;0.037;0.028
régional;0.362;0.489;0.003;0.094;0.003;0.011;0.002;0.001;0.001;0
évidence;0.735;0.182;0.013;0.001;0;0.018;0.025;0.004;0.006;0.011
empire;0.119;0.004;0.001;0.078;0.246;0.051;0.101;0.236;0.009;0.156
expliquer;0.033;0.074;0.007;0.026;0.004;0.321;0.078;0.299;0.005;0.027
pauvre;0.355;0.254;0.04;0;0.126;0.1;0.106;0.001;0.002;0.004
vivre;0.018;0.048;0.01;0.024;0.034;0.041;0.261;0.215;0.013;0.286
suffrage;0.189;0;0.462;0.016;0.068;0.116;0.025;0.019;0.02;0.077
loin;0.022;0.047;0.695;0.126;0.084;0.004;0.013;0.003;0.001;0.004
engager;0.057;0.001;0.16;0.064;0;0.016;0.185;0.062;0.004;0.382
intérêt;0.335;0.025;0.037;0.006;0.001;0;0.282;0.167;0.072;0.063
mobilité;0.257;0.448;0;0.057;0.003;0.002;0.005;0.114;0.101;0
aménagement;0.112;0.446;0.003;0.246;0.07;0.052;0.012;0;0.047;0.005
niveau;0.536;0.372;0.002;0.005;0.06;0.024;0.001;0;0;0
stéréotype;0.041;0;0.036;0.157;0.094;0.216;0.009;0.037;0.081;0.043
essentiel;0.22;0.383;0.051;0.008;0.004;0.058;0.243;0.017;0.007;0.009
documentation;0.027;0.006;0.471;0.124;0.163;0.045;0.001;0.083;0;0.058
Louis;0.409;0.027;0.113;0.025;0.282;0.014;0.001;0.011;0;0.117
justice;0.003;0.051;0.02;0.016;0.19;0.002;0;0.096;0.127;0.454
mener;0.025;0.001;0.354;0;0.004;0.161;0.207;0.115;0.015;0.116
dignité;0.027;0;0.008;0.045;0.184;0.043;0.076;0.282;0.022;0.303
mobiliser;0.654;0.098;0.024;0.01;0.004;0.049;0.076;0.005;0.064;0.004
système;0.006;0.312;0.05;0.038;0;0.08;0.055;0.024;0.007;0.348
changement;0.191;0.091;0.117;0.039;0.068;0.119;0.284;0.004;0.068;0
individu;0.349;0;0.009;0.002;0;0.039;0.122;0.373;0.064;0.008
parmi;0.001;0.092;0.304;0.04;0.059;0.044;0.025;0.055;0.001;0.175
nombre;0.55;0.334;0.002;0.002;0.031;0.033;0.014;0.015;0.006;0.01
santé;0.285;0.359;0;0.077;0.006;0.093;0.128;0.012;0.024;0.001
respecter;0.175;0;0.185;0.131;0.134;0.028;0.018;0.161;0.075;0.092
%;0.06;0.177;0.447;0.103;0.078;0.072;0.021;0.004;0.034;0.002
inviter;0.021;0.084;0.138;0.173;0.143;0.027;0.142;0.025;0.217;0.022
civique;0.244;0.383;0;0.205;0.01;0.001;0.001;0.032;0.014;0
avant;0.362;0.029;0.066;0.17;0.001;0.006;0.012;0.299;0.022;0
connaissance;0;0.035;0.003;0.047;0.253;0;0.006;0.15;0.049;0.214
maritime;0.07;0.243;0.01;0.123;0;0.025;0.033;0.151;0.34;0.003
XIXe;0.265;0.01;0.113;0.009;0.007;0.309;0.231;0.001;0.04;0.015
mesure;0.067;0.536;0.006;0.003;0.148;0.216;0.011;0.012;0.001;0
la;0.386;0.002;0.103;0.06;0.148;0.053;0.037;0.015;0.001;0.167
utiliser;0.068;0.56;0.06;0.002;0.012;0.05;0.07;0.002;0.038;0.129
nécessaire;0.223;0.057;0.098;0.1;0.199;0.04;0.088;0.014;0.127;0.018
domaine;0.031;0.333;0.102;0.005;0.115;0.042;0;0.012;0.323;0.024
union;0.023;0.46;0.018;0.246;0.024;0.05;0.059;0;0.088;0.005
école;0;0.238;0.047;0.001;0;0.367;0.024;0.057;0.162;0.102
colonial;0.312;0.014;0.094;0.004;0.004;0.276;0.276;0;0.013;0.007
échange;0.021;0.136;0.105;0.385;0.12;0.009;0.026;0.002;0.104;0.089
aspect;0.08;0.216;0.003;0.266;0.019;0.001;0.07;0.182;0.014;0.006
marquer;0.088;0.073;0.139;0.107;0.003;0.068;0;0.317;0.065;0.127
affaire;0.029;0.143;0.004;0.224;0.104;0.176;0.23;0.003;0.038;0.024
élément;0.132;0.021;0.155;0.111;0.169;0;0.004;0.104;0.179;0.053
souvent;0.344;0.016;0;0.297;0.045;0.092;0.003;0.111;0.028;0.037
territorial;0.221;0.357;0;0.183;0.179;0.002;0.007;0.004;0.006;0.006
chaque;0.007;0.013;0.1;0.032;0.004;0.001;0.138;0.629;0.042;0.023
exercice;0.377;0.021;0.035;0.043;0;0.004;0.052;0.059;0;0.122
antisémitisme;0.056;0.011;0.145;0.026;0.134;0.036;0.08;0.001;0.008;0.413
concret;0;0.055;0.01;0.018;0.307;0.021;0.047;0.017;0.014;0.432
puis;0.566;0.031;0.133;0;0.166;0.004;0.032;0.039;0.029;0
nation;0.057;0.19;0.012;0.002;0.08;0.403;0.004;0.03;0.009;0.177
individuel;0;0.049;0.083;0.018;0.155;0.331;0.208;0.033;0.054;0.021
conscience;0.068;0.212;0.007;0.419;0.015;0.018;0.046;0.019;0;0.07
importance;0.202;0.061;0.12;0.007;0.187;0.015;0.076;0.289;0.016;0.025
savoir;0.084;0.219;0.045;0.078;0.019;0.018;0.089;0.037;0.099;0.171
dossier;0.003;0.005;0.404;0.162;0.317;0;0.019;0.056;0.001;0.025
roi;0.246;0.019;0.075;0.063;0.38;0.04;0.056;0.068;0;0.046
historique;0.264;0;0.037;0.05;0.007;0;0.122;0.231;0.026;0.056
ensuite;0.24;0.013;0.099;0.149;0.051;0.04;0.04;0.353;0.01;0.005
traite;0.356;0.019;0.015;0.018;0.009;0.258;0.192;0.003;0.019;0.105
traiter;0.002;0.307;0.003;0.271;0.004;0.025;0.018;0.096;0.063;0.033
critique;0.047;0.011;0.003;0.13;0.48;0.147;0.046;0.071;0.016;0.049
responsabilité;0.083;0.104;0.007;0;0.04;0.147;0.28;0.002;0.253;0.028
participer;0.041;0.003;0.141;0.019;0.02;0.396;0.026;0.056;0.191;0.1
États-Unis;0.167;0.078;0.002;0.313;0.357;0.035;0.021;0.001;0.01;0
dernier;0.069;0.024;0.028;0.157;0.004;0.065;0.001;0.224;0.001;0.399
source;0.078;0.099;0.132;0.112;0.093;0.012;0.103;0.086;0.004;0.251
industriel;0.067;0.018;0.205;0.013;0;0.251;0.409;0.007;0.002;0.022
technologique;0.039;0.041;0.351;0.03;0.02;0.191;0.107;0.184;0.005;0.003
accès;0.417;0.41;0.015;0.125;0.004;0.011;0.007;0.007;0;0
prise;0.027;0.094;0.055;0.168;0.01;0.003;0.122;0.205;0.004;0.305
établissement;0.005;0.215;0.036;0.233;0.006;0.014;0.009;0.187;0;0.052
numérique;0.044;0.141;0.296;0.086;0.013;0.061;0.01;0.065;0.014;0.017
évoquer;0.002;0.079;0.442;0.003;0.002;0.003;0.161;0.099;0.033;0.002
photographique;0.013;0.004;0.532;0.115;0.194;0.016;0;0.083;0.001;0.022
peuple;0.735;0.021;0.003;0.004;0.003;0.023;0.16;0;0.016;0
enfin;0.566;0.02;0;0.004;0.12;0.071;0.009;0.018;0.164;0.001
mouvement;0.145;0.039;0.04;0.004;0.356;0.011;0.054;0.142;0.061;0.132
environnement;0.646;0.077;0;0.046;0.001;0.067;0.073;0;0.026;0.001
lors;0.442;0.019;0.04;0.008;0.312;0.004;0;0.066;0.02;0.086
professionnel;0.059;0.143;0.369;0.035;0.021;0.064;0.042;0.077;0.142;0.024
moral;0.006;0.245;0.049;0.032;0.03;0.148;0.065;0.294;0.017;0.047
penser;0.004;0.067;0.404;0.029;0.005;0;0.043;0.021;0.379;0.037
après;0.589;0.013;0.065;0.009;0.016;0.003;0.009;0.203;0.03;0.022
commun;0.036;0.001;0.185;0.025;0.132;0.129;0.022;0.039;0.313;0.007
début;0.27;0.001;0.004;0.133;0.09;0.001;0;0.328;0.04;0.121
cycle;0.054;0.016;0.585;0.013;0.084;0.156;0.006;0.002;0.048;0.023
exercer;0.006;0.218;0.236;0.145;0.021;0.072;0.081;0.051;0.168;0.001
repère;0.098;0.455;0.215;0.002;0.077;0.037;0.013;0.01;0.083;0.004
EMC;0.118;0.002;0.468;0.002;0.192;0.03;0.094;0.036;0.025;0.002
phénomène;0.086;0.068;0.022;0.083;0.069;0.006;0.091;0.004;0.375;0
transformation;0;0.053;0.101;0.004;0;0.208;0.041;0.158;0.189;0.043
lumière;0.318;0.019;0.047;0.004;0.001;0.32;0.264;0;0.018;0.007
science;0.015;0.003;0.034;0.027;0.015;0.322;0.245;0.278;0.002;0
limiter;0.044;0.007;0.045;0.008;0.157;0.066;0.025;0.229;0.009;0.176
confronter;0.054;0.007;0.056;0.103;0.028;0.051;0.021;0.537;0.098;0.008
compte;0;0.198;0;0.005;0.193;0.031;0.165;0.299;0.092;0.002
inscrire;0.483;0.027;0.047;0.032;0.002;0.003;0.021;0;0.003;0.003
fonctionnement;0.07;0.014;0;0.117;0.092;0.026;0.227;0;0.087;0.253
lycée;0.011;0.14;0.746;0.008;0.017;0.018;0.015;0.006;0.032;0.005
reposer;0.117;0.219;0.077;0.005;0.345;0.106;0.009;0.041;0.019;0.061
environ;0.014;0.205;0.419;0.066;0.031;0.168;0.001;0.014;0.048;0.03
XVIIIe;0.397;0.023;0.008;0;0.004;0.177;0.285;0.058;0.001;0.046
envisager;0.169;0.018;0;0.154;0.012;0.115;0.397;0;0.028;0.04
offrir;0.056;0.268;0.17;0.005;0.155;0.009;0.012;0.078;0.058;0.031
seul;0.807;0.102;0.002;0.005;0.001;0.018;0.016;0.001;0.008;0.015
cause;0.347;0.027;0.124;0.001;0.005;0.042;0.061;0.186;0.023;0.127
sujet;0.6;0.02;0.004;0;0.041;0.053;0.025;0.15;0.074;0.026
religion;0.034;0;0.043;0.218;0.101;0.042;0.062;0.375;0.004;0.121
jusque;0.606;0.091;0.082;0.014;0.001;0.013;0.015;0.026;0.027;0.121
inégal;0.523;0.17;0.015;0.055;0.009;0.03;0.152;0.006;0.003;0.001
public;0.066;0.008;0.039;0.106;0.036;0.001;0.175;0.406;0.035;0.06
militaire;0.706;0.002;0.003;0;0.018;0.136;0.094;0;0.025;0.002
représentatif;0.193;0.003;0.127;0.111;0.378;0.054;0.045;0;0.083;0
républicain;0.144;0.002;0.386;0.015;0.017;0.17;0.026;0.045;0.024;0.169
cependant;0.037;0.024;0.18;0.17;0.318;0.116;0.053;0.045;0.016;0.04
réalité;0.015;0.388;0;0.021;0.296;0.001;0.036;0.013;0.046;0.14
considérer;0.123;0.011;0.356;0;0.011;0.205;0.163;0.034;0.071;0
chercher;0.04;0.081;0.601;0.038;0.07;0.01;0.059;0.009;0.085;0.007
écrire;0.203;0.154;0.194;0;0.037;0.001;0.06;0.209;0.03;0.06
commerce;0.22;0.004;0.021;0.083;0.006;0.201;0.123;0.044;0.045;0.238
besoin;0.39;0.448;0.011;0.097;0.021;0.003;0.005;0.003;0.014;0.005
paysage;0.371;0.17;0;0.074;0.018;0.039;0.032;0.149;0.142;0.003
fonder;0.555;0.002;0.043;0.06;0.144;0.132;0.01;0.001;0.048;0.004
divers;0.143;0;0.322;0.136;0.185;0.003;0.073;0;0.08;0.014
récit;0.332;0.025;0.073;0.002;0.144;0.091;0.002;0.078;0.016;0.223
personnel;0.022;0.011;0.096;0;0.075;0.001;0.234;0.383;0;0.155
fonction;0.001;0.006;0.248;0.026;0.167;0.001;0.098;0.088;0.001;0.34
concerner;0.01;0.003;0.039;0.023;0.034;0.055;0.335;0.168;0.049;0.219
handicap;0.086;0.029;0.112;0.226;0.269;0.001;0.013;0.112;0.152;0.001
tension;0.246;0;0.004;0;0;0.004;0.017;0.394;0.055;0.278
Paris;0.203;0.034;0.175;0.275;0.059;0.013;0.115;0;0.002;0.075
abord;0.281;0.034;0.313;0.054;0.242;0.012;0.007;0.02;0.007;0.002
centre;0.057;0.27;0.054;0.128;0.193;0.075;0.036;0.021;0.099;0.047
eux;0.093;0;0.319;0.033;0.001;0.282;0.001;0.029;0.006;0.011
alimentaire;0.339;0.483;0.001;0.063;0;0.028;0.066;0.001;0.013;0.003
trouver;0.267;0.073;0.148;0.013;0.33;0.08;0.028;0.037;0;0.019
agricole;0.474;0.324;0.023;0.126;0.015;0.006;0.009;0.012;0.005;0
mieux;0.153;0.08;0.017;0.013;0.276;0.137;0.04;0.07;0.004;0.114
prévention;0.367;0.323;0.061;0.092;0.026;0.038;0.064;0;0.02;0.001
processus;0;0.206;0.326;0.046;0.259;0.045;0.059;0.026;0.007;0.001
entreprise;0.05;0.024;0.092;0.256;0.276;0.034;0.042;0.109;0.114;0.001
riche;0.379;0.409;0.058;0.006;0.053;0.034;0.057;0.001;0;0.002
acquérir;0.004;0.238;0.149;0.224;0.007;0.117;0.156;0.019;0.044;0.033
moment;0.485;0.078;0.275;0.015;0;0.012;0.032;0.01;0.025;0
5e;0.249;0.31;0.014;0.023;0.105;0.012;0.042;0.024;0.002;0.182
répondre;0.314;0.036;0.124;0.005;0.005;0.111;0;0.02;0.3;0.084
eau;0.407;0.468;0.019;0.1;0.002;0.001;0.001;0.002;0;0
parfois;0.139;0.215;0.001;0.226;0.088;0.072;0.038;0.002;0.11;0.105
citoyenneté;0;0.396;0.209;0.006;0.001;0.007;0.074;0.273;0.016;0.001
cours|cour;0.225;0.02;0.021;0.033;0.128;0.089;0;0.092;0;0.002
raison;0.196;0.087;0.006;0.096;0.044;0.199;0.016;0.053;0.122;0.175
rester;0.039;0.011;0.002;0.005;0.036;0.016;0.366;0.015;0.178;0.259
communauté;0.032;0.162;0.132;0.014;0.043;0.121;0.004;0.19;0.154;0.116

