"le";-0.04701;0.3567;-0.01971;0.11301;-0.00995;0.03206;-0.00113;0.00048;-0.01841;0.15632;-0.01076;0.07368;-0.01719;0.21055;0.00561;0.02726;-0.00985;0.09893;0.00303;0.01051
"de";-0.02291;0.05353;-0.01533;0.04316;-0.03608;0.26621;-0.01427;0.04839;-0.01057;0.03252;0.02238;0.20141;-0.00546;0.0134;0.00545;0.01628;0.00926;0.05531;0.00146;0.00153
"du";0.04584;0.11832;-0.03613;0.13243;-0.06343;0.45436;-0.04967;0.32381;-0.00428;0.00295;-0.02917;0.18898;0.01292;0.04148;-0.01862;0.10482;-0.04078;0.59191;0.00931;0.03454
"et";0.00313;0.00042;0.03104;0.0754;0.02009;0.03516;-0.0353;0.12619;-0.07838;0.76238;0.09586;1.57382;0.00703;0.00948;-0.04091;0.39025;0.00453;0.00564;0.03715;0.42445
"un";0.01677;0.00771;-0.05873;0.17049;0.00982;0.00531;0.03135;0.0629;0.03576;0.1003;0.05911;0.37821;-0.00878;0.00933;-0.00115;0.00019;-0.01463;0.03716;0.0279;0.15126
"à";0.13277;0.44232;-0.05035;0.1146;-0.01228;0.0076;-0.0041;0.00098;0.01166;0.00974;-0.01462;0.02117;0.00417;0.00193;0.02558;0.08815;-0.03527;0.19734;-0.02174;0.084
"être";-0.08324;0.15742;-0.01482;0.00899;0.04157;0.07874;-0.05412;0.15515;-0.06669;0.28878;-0.05627;0.28376;-0.03206;0.1031;-0.01516;0.02802;0.03699;0.1966;-0.03447;0.19116
"en";0.02004;0.00868;-0.01233;0.00592;0.09286;0.37389;-0.04157;0.08709;0.02159;0.02879;-0.07788;0.5171;-0.02203;0.04632;-0.02731;0.08658;0.03437;0.16141;-0.07137;0.77977
"@card@";-0.45892;3.88826;-0.05681;0.10736;0.03398;0.04277;0.11616;0.58082;0.28975;4.43012;-0.00434;0.00137;0.02351;0.04506;0.01972;0.03854;0.00316;0.00117;-0.08785;1.00925
"dans";-0.00599;0.00055;-0.03136;0.02702;0.02988;0.02731;-0.03552;0.04487;0.02362;0.02432;-0.02472;0.03676;-0.06547;0.28858;-0.04024;0.13262;-0.00884;0.00753;-0.02465;0.06563
"au";0.03289;0.01583;-0.03611;0.03438;0.03904;0.04475;-0.05651;0.10901;-0.03435;0.04936;-0.00446;0.00115;-0.0056;0.00203;-0.01994;0.03126;-0.00203;0.00038;-0.01251;0.01623
"ce";0.05546;0.03593;0.02154;0.00977;0.00822;0.00158;-0.09284;0.23473;-0.06975;0.16241;-0.05029;0.11653;-0.0482;0.11982;0.09398;0.55406;-0.00034;1e-05;-0.02238;0.04145
"sur";0.01542;0.0021;-0.0025;1e-04;-0.06636;0.07784;0.05649;0.06557;0.07763;0.1518;-0.01729;0.01039;0.08486;0.28017;0.07237;0.24786;0.00156;0.00014;0.01561;0.0152
"par";-0.05565;0.0321;-0.02355;0.01036;-0.09071;0.17111;-0.09973;0.2404;0.03396;0.03417;0.05745;0.13498;-0.07526;0.25917;-0.07162;0.28555;0.00847;0.0047;0.00873;0.00559
"que";-0.16034;0.22696;-0.07596;0.09177;0.02055;0.00748;-0.10101;0.21002;0.00443;5e-04;0.06846;0.16321;-0.06307;0.15501;-0.00219;0.00023;0.00075;3e-05;0.00894;0.005
"pouvoir";-0.10099;0.08256;0.05485;0.04389;-0.00656;7e-04;0.03536;0.0236;-0.16462;0.62708;0.09624;0.29581;-0.01058;0.004;0.15787;1.08364;0.13612;0.94857;0.02174;0.02711
"se";-0.09056;0.07509;0.01937;0.00619;0.03359;0.02073;-0.09972;0.2123;-0.05361;0.07521;-0.00494;0.00088;-0.0204;0.01683;0.11104;0.60625;-0.08018;0.37224;-0.03399;0.07493
"pour";-0.05431;0.02172;-0.09408;0.11744;-0.18108;0.48441;0.14305;0.35138;0.01242;0.00324;-0.0643;0.12011;-0.02334;0.01771;0.03824;0.05783;0.02854;0.03791;-0.01787;0.01666
"qui";-0.21493;0.42919;-0.09187;0.14129;-0.13253;0.32735;-0.11694;0.29622;-0.14782;0.58025;-0.07151;0.18742;-0.051;0.10668;-0.02161;0.0233;-0.03346;0.06576;0.02768;0.05043
"ou";0.27423;0.58634;0.07706;0.08343;-0.15551;0.37828;0.07278;0.0963;-0.05681;0.07192;0.02772;0.02364;0.01708;0.01004;-0.03395;0.04827;0.06343;0.19834;0.11667;0.75174
"il";-0.22197;0.2561;-0.06849;0.04393;0.03561;0.01323;-0.00599;0.00044;-0.07971;0.0944;-0.08146;0.13605;0.11323;0.29422;-0.00438;0.00054;-0.02223;0.01624;-0.18057;1.20052
"son";-0.31658;0.62875;-0.03937;0.01752;-0.23799;0.7128;-0.13704;0.27469;-0.21553;0.83297;0.02619;0.01698;0.04094;0.04641;0.03103;0.03245;-0.0794;0.2501;0.04171;0.07731
"élève";0.1297;0.04473;0.22617;0.24503;0.29307;0.45811;0.03807;0.00899;-0.2683;0.54705;0.25196;0.66582;0.08415;0.08312;0.00057;0;-0.04465;0.03352;0.0175;0.00577
"avec";-0.07315;0.02637;0.09256;0.07609;0.04221;0.01762;-0.04713;0.02553;-0.23794;0.79762;0.00781;0.00119;0.04065;0.03596;-0.01701;0.00766;-0.00614;0.00117;-0.17994;1.13042
"permettre";0.0674;0.01893;0.06266;0.02948;0.40272;1.35583;-0.05032;0.0246;-0.18253;0.39683;0.02175;0.00777;0.18602;0.63663;0.14915;0.49785;0.01647;0.00715;0.00359;0.00038
"leur";0.21102;0.18091;0.19921;0.29048;-0.22346;0.40699;-0.27896;0.73718;0.13785;0.22066;0.03771;0.02279;0.15974;0.45767;-0.10727;0.25109;-0.02278;0.01333;0.09736;0.27276
"thème";-0.08632;0.05175;0.25607;0.82054;0.37473;1.95653;0.1141;0.21082;-0.02355;0.01101;0.0924;0.23393;0.01323;0.00537;0.08922;0.29691;0.05997;0.15793;-0.09317;0.42706
"avoir";-0.15344;0.10726;-0.0324;0.00862;0.17311;0.27386;0.02404;0.00614;-0.05791;0.04367;-0.06981;0.08758;-0.07843;0.1237;0.09804;0.23518;0.04578;0.06037;-0.10626;0.36433
"plus";0.09367;0.04338;-0.02196;0.0043;-0.1335;0.17677;-0.11107;0.14221;0.05781;0.04723;-0.09086;0.161;-0.10727;0.25113;-0.05543;0.08159;0.16152;0.81564;-0.06768;0.16042
"liberté";-0.9281;0.36025;-0.20148;0.03059;0.45465;0.17343;-0.08923;0.00776;0.12903;0.0199;-0.56312;0.52314;0.46765;0.40378;-0.12941;0.03762;0.05554;0.00816;-0.20479;0.12423
"faire";-0.22945;0.18008;0.05647;0.01965;0.02651;0.00482;0.13639;0.14835;-0.12305;0.14803;0.01496;0.00302;-0.06973;0.07342;0.13021;0.31147;-0.00105;2e-05;-0.05288;0.06774
"étude";0.30145;0.44656;-0.19475;0.33582;0.01846;0.00336;0.03322;0.01265;-0.0651;0.05953;-0.06096;0.07205;-0.08699;0.16418;-0.08294;0.18156;0.14525;0.6556;0.09511;0.3149
"ne";-0.35247;0.56411;-0.11742;0.11279;-0.02472;0.00556;0.03032;0.00973;-0.10362;0.13934;-0.08433;0.12739;-0.02504;0.01257;-0.14116;0.48595;-0.03396;0.03311;-0.10346;0.34428
"comme";-0.16669;0.09296;-0.00957;0.00055;0.05717;0.02194;-0.10892;0.09255;-0.00253;6e-05;-0.14945;0.29479;0.04337;0.02778;0.08655;0.1346;-0.11737;0.29147;0.09774;0.22639
"elle";-0.17305;0.10735;0.08751;0.04946;-0.10316;0.07653;-0.26187;0.57321;0.11114;0.12655;-0.06724;0.06394;0.12282;0.23873;-0.05304;0.05417;-0.07995;0.1449;-0.15525;0.61204
"entre";0.15783;0.09004;-0.10076;0.06612;-0.02899;0.0061;-0.00448;0.00017;-0.20079;0.41653;-0.0781;0.08697;-0.25555;1.04214;0.08717;0.14749;-0.01575;0.00567;-0.13896;0.49437
"politique";-0.38318;0.50661;-0.01595;0.00158;0.12738;0.1123;0.14107;0.16012;0.05237;0.02704;-0.0528;0.03794;0.06437;0.06312;-0.09528;0.16823;-0.08396;0.15382;0.17898;0.78287
"droit";-0.82081;0.47298;-0.0851;0.00916;0.56521;0.44991;-0.1931;0.06103;0.30718;0.18934;0.02666;0.00197;-0.17973;0.10012;-0.21177;0.16908;-0.225;0.22473;-0.06019;0.01801
"on";-0.06069;0.01529;-0.06192;0.02868;0.11724;0.1145;-0.16499;0.26356;0.0545;0.03525;-0.05902;0.05706;-0.11767;0.25384;0.00305;0.00021;0.20354;1.08779;0.00707;0.00147
"pas";-0.30074;0.29721;-0.03126;0.00579;0.03001;0.00594;0.03204;0.00787;-0.07564;0.05374;-0.07812;0.07911;-0.05971;0.05172;-0.23322;0.95989;-0.07243;0.109;-0.07082;0.11672
"question";0.11095;0.03162;-0.05938;0.01632;0.31738;0.51915;0.35024;0.73484;0.11685;0.10027;-0.00331;0.00011;0.10793;0.13213;0.17836;0.43894;0.12266;0.24444;0.15937;0.46218
"mais";0.02576;0.00199;0.04599;0.01144;0.08533;0.04385;-0.19301;0.26079;0.00331;9e-05;-0.11807;0.16509;-0.10803;0.15469;0.11542;0.2148;-0.12685;0.30549;-0.02337;0.01161
"tout";-0.09867;0.02428;-0.02489;0.00278;-0.08633;0.03729;-0.00556;0.00018;0.09886;0.06968;0.03754;0.01387;-0.01523;0.00256;0.01652;0.00366;0.06737;0.07158;0.12212;0.26348
"autre";0.20291;0.07994;-0.11738;0.0482;-0.32033;0.39971;-0.04849;0.01064;0.16889;0.15831;0.05357;0.02198;-0.08619;0.06369;0.15754;0.25881;-0.03054;0.01145;0.24144;0.80175
"grand";0.19379;0.15146;0.20278;0.29877;-0.20243;0.33153;-0.16073;0.24294;0.0249;0.00715;-0.03193;0.01622;-0.02557;0.01164;-0.09506;0.19573;0.21289;1.15573;0.04552;0.05919
"celui";-0.19226;0.10656;-0.05966;0.01848;0.07114;0.02927;0.00341;8e-05;-0.20598;0.3496;-0.00479;0.00026;-0.01286;0.00211;0.06794;0.07146;-0.0139;0.00352;0.19496;0.77611
"professeur";0.28693;0.05903;-0.12893;0.02147;-0.21483;0.06638;-0.00228;1e-05;-0.42051;0.36236;0.31347;0.27791;0.26882;0.22873;-0.2093;0.16867;-0.03208;0.00467;0.31761;0.51228
"monde";0.1999;0.15697;0.05583;0.02206;0.06379;0.03207;-0.2915;0.77832;0.13142;0.19392;0.08024;0.09976;-0.27025;1.26659;0.08762;0.16195;-0.00701;0.00122;-0.01936;0.01043
"société";0.06514;0.01141;-0.45199;0.9896;0.27982;0.42232;0.18012;0.20339;0.09752;0.07308;0.21641;0.49668;0.15943;0.3017;0.09523;0.13094;0.11272;0.216;-0.05119;0.04991
"mettre";0.11298;0.0347;-0.10899;0.05818;0.14964;0.12211;-0.0678;0.02914;-0.03132;0.00762;-0.0338;0.01225;0.05339;0.03421;-0.05251;0.04026;0.02143;0.0079;-0.05595;0.06029
"exemple";0.08986;0.02557;0.15532;0.13764;-0.17547;0.19559;0.00254;5e-05;0.04036;0.01474;-0.09562;0.1142;-0.15757;0.34708;0.10573;0.19012;-0.24287;1.18108;0.1859;0.77517
"expression";-0.60167;0.12977;0.06772;0.00296;-0.65598;0.30945;0.12724;0.01353;0.32187;0.10615;0.06407;0.0058;0.43315;0.29692;-0.20391;0.08005;-0.14785;0.04955;-0.12415;0.03914
"devoir";0.16979;0.06028;-0.11046;0.04597;0.03999;0.00671;0.01601;0.00125;0.08164;0.03984;-0.13028;0.14001;-0.02497;0.00576;0.00551;0.00034;0.05833;0.045;0.08192;0.09941
"représentation";-0.50837;0.12739;-0.05774;0.00296;-0.45558;0.20524;-0.32676;0.12271;-0.26728;0.10064;-0.02315;0.00104;0.13645;0.04052;-0.38421;0.39077;0.06596;0.01356;0.27049;0.25544
"développement";0.91645;2.923;-0.56917;2.03131;0.04158;0.01207;0.30035;0.73206;0.08347;0.06931;-0.02456;0.00828;0.05522;0.04685;-0.01221;0.00278;0.09707;0.20738;0.02199;0.01192
"siècle";-0.80453;2.02063;-0.18831;0.19945;-0.08573;0.04603;-0.20496;0.30579;-0.39846;1.41669;-0.08845;0.09633;0.06535;0.05886;0.16828;0.47474;0.09728;0.1868;0.08006;0.14173
"classe";0.11252;0.02118;0.30392;0.2784;0.71845;1.73225;-0.00839;0.00027;-0.18973;0.17212;0.1261;0.10494;-0.00292;6e-05;0.08341;0.06251;0.08307;0.073;-0.03132;0.01162
"espace";0.60393;1.2857;0.70833;3.1865;0.03272;0.00757;0.06194;0.03153;-0.19306;0.37552;-0.11304;0.17768;-0.01526;0.00362;-0.24939;1.17743;0.08671;0.16759;0.03894;0.03785
"territoire";0.72602;1.85022;1.13445;8.13907;0.00825;0.00048;0.65388;3.49934;-0.30233;0.91705;-0.23256;0.74887;-0.003;0.00014;0.11513;0.24987;-0.3158;2.2135;0.00769;0.00147
"comprendre";-0.01953;0.00063;0.18887;0.1056;0.3386;0.37788;0.05822;0.01298;-0.30339;0.43228;0.00322;7e-05;-0.17379;0.21907;0.05542;0.02711;0.0394;0.01613;0.08634;0.08675
"aborder";-0.11017;0.02792;0.07102;0.0209;0.46066;0.97923;0.08374;0.03761;-0.03123;0.00641;0.09899;0.08891;-0.194;0.38218;0.02013;0.00501;0.08998;0.11778;0.01103;0.00198
"premier";-0.1814;0.07422;0.09894;0.03978;0.40048;0.72569;-0.03311;0.00577;0.01163;0.00087;0.11739;0.12259;0.04179;0.01739;-0.01765;0.00377;-0.01596;0.00363;-0.01583;0.004
"programme";-0.04756;0.00541;-0.07766;0.02597;-0.05006;0.01201;0.20427;0.23252;0.07651;0.03999;-0.13863;0.18116;-0.14162;0.21161;-0.28734;1.05969;0.06875;0.07143;-0.12099;0.24779
"différent";0.19898;0.07333;0.17249;0.09928;0.17;0.10738;-0.05125;0.01134;-0.03852;0.00785;0.00437;0.00014;-0.07012;0.0402;-0.13197;0.17324;0.0275;0.00885;-0.07731;0.07841
"pays";0.93682;2.89709;-0.50856;1.53821;-0.21593;0.30877;-0.13731;0.14511;0.55619;2.91877;-0.2394;0.74631;-0.13652;0.27162;0.17441;0.53929;-0.21541;0.96855;-0.04062;0.03857
"aussi";-0.14066;0.03487;0.20606;0.13483;0.35781;0.45268;0.01556;0.001;-0.03496;0.00616;-0.13559;0.12781;0.14096;0.1546;-0.04499;0.01916;-0.0646;0.04651;0.08846;0.09768
"la|le";-0.29127;0.16094;-0.05525;0.01043;-0.0477;0.00866;0.07357;0.02394;0.03937;0.0084;-0.002;3e-05;-0.10301;0.08887;-0.02198;0.00492;0.00605;0.00044;-0.02635;0.00933
"France";-0.36145;0.33174;0.53143;1.29204;0.23144;0.27286;0.59707;2.11071;-0.04015;0.0117;-0.38213;1.46259;-0.04559;0.0233;0.20807;0.59039;-0.0638;0.06536;-0.00531;0.00051
"ainsi";0.06834;0.009;-0.01837;0.00117;0.14777;0.08441;-0.18768;0.15826;0.12009;0.07943;0.00077;0;0.09266;0.07303;0.12184;0.15362;0.15338;0.28662;-0.15228;0.3165
"mondial";0.51371;0.82777;0.28515;0.45951;0.00726;0.00033;-0.14789;0.15997;0.6232;3.48204;0.29722;1.09305;-0.00143;3e-05;-0.01003;0.0017;-0.02529;0.01268;-0.02556;0.01451
"échelle";0.97015;2.3618;0.34976;0.55307;0.03911;0.0077;-0.04646;0.01263;0.02783;0.00555;0.06784;0.04556;0.18545;0.381;-0.04538;0.02775;-0.10215;0.16557;-0.00423;0.00032
"temps";-0.3395;0.2066;-0.27772;0.24907;-0.32694;0.38434;-0.13088;0.07159;-0.16559;0.14047;0.01759;0.00219;-0.1008;0.08039;-0.05012;0.02418;-0.20756;0.48829;0.15465;0.30365
"social";-0.12412;0.03014;-0.17361;0.10626;0.04027;0.00636;-0.22221;0.22527;0.04806;0.01292;0.01835;0.0026;-0.03887;0.01305;-0.14994;0.23624;-0.0584;0.04219;0.21014;0.61205
"nouveau";-0.2614;0.15207;0.22154;0.1968;0.16977;0.12868;-0.15317;0.12175;0.1359;0.11748;0.04264;0.01596;-0.09113;0.08159;-0.06839;0.05591;-0.25691;0.92886;-0.10683;0.1799
"histoire";-0.72287;1.19417;-0.0527;0.01144;-0.44064;0.89017;0.18582;0.18398;-0.13148;0.11292;0.17594;0.27906;0.10787;0.1174;-0.33376;1.36715;-0.15279;0.33735;0.03943;0.02517
"européen";-0.2653;0.18924;0.79454;3.05803;0.28058;0.42462;0.57835;2.09688;-0.17838;0.24452;-0.42;1.87081;-0.14165;0.23815;0.01083;0.00169;-0.29766;1.50629;0.08501;0.13763
"lien";0.27324;0.11375;0.35494;0.34582;0.10602;0.03435;-0.0214;0.00163;-0.25848;0.29094;0.18041;0.19561;-0.0803;0.04337;-0.00863;0.00061;0.13038;0.16376;-0.05611;0.03397
"travail";-0.17542;0.02528;0.36286;0.19488;-0.06308;0.00656;0.39624;0.30075;0.09244;0.02006;-0.01801;0.00105;0.18169;0.11972;0.38682;0.66016;0.36815;0.70405;0.24658;0.35381
"démocratie";-0.86997;0.29393;0.04205;0.00124;1.73676;2.34995;-0.10755;0.01047;0.9847;1.07631;0.25484;0.09949;-0.47637;0.38907;-0.35607;0.26443;-0.31644;0.24589;0.18411;0.09324
"loi";-0.86403;0.31223;-0.0815;0.00501;1.37636;1.58937;-0.26922;0.07068;0.50203;0.30128;-0.57455;0.54459;0.10665;0.021;0.28358;0.18062;0.26258;0.18234;0.53461;0.84668
"français";-0.35668;0.24323;0.73204;1.84593;0.25137;0.24236;0.74197;2.45416;0.11687;0.07464;-0.23037;0.40024;-0.05682;0.02725;0.05513;0.0312;-0.12837;0.19922;0.08416;0.09592
"mondialisation";0.79713;1.81278;0.79167;3.22153;-0.41997;1.00941;-0.97662;6.34464;0.63674;3.30604;0.09634;0.10446;0.31805;1.274;0.1167;0.20867;-0.00391;0.00028;-0.09121;0.16811
"culture";-0.22586;0.05181;-0.00014;0;-0.2677;0.14602;-0.19193;0.08724;0.00025;0;-0.21665;0.18806;0.24045;0.25925;0.05636;0.01733;-0.0198;0.00252;-0.16977;0.20735
"national";-0.15731;0.03179;0.29877;0.20659;-0.16817;0.07288;0.21991;0.14485;0.02025;0.00151;-0.47672;1.15158;0.21015;0.25044;-0.17185;0.20374;-0.21242;0.36651;-0.28341;0.73085
"deux";-0.10124;0.02082;-0.21592;0.17063;0.09503;0.0368;0.11712;0.06497;0.15119;0.13272;0.00488;0.00019;-0.29378;0.77401;-0.34961;1.33343;0.00239;7e-05;-0.15119;0.32892
"cas";0.91268;1.94096;-0.32361;0.43966;-0.00096;0;0.14795;0.11892;0.13833;0.12744;-0.21311;0.41746;-0.23402;0.56333;-0.18822;0.44333;0.20212;0.60195;-0.05185;0.04438
"discrimination";1.06609;0.01698;1.35282;0.04925;0.00212;0;-1.00795;0.03538;-0.1266;0.00068;0.6907;0.02811;0.50059;0.01652;-1.42113;0.16201;2.19713;0.45594;-0.17041;0.00307
"ressource";0.97853;1.38732;-0.64267;1.07815;0.38905;0.43993;0.40258;0.54751;-0.1601;0.10615;0.37558;0.80619;0.41745;1.11462;-0.03543;0.00977;-0.00496;0.00023;-0.06941;0.04944
"même";-0.2977;0.15885;0.01752;0.00099;-0.2427;0.2118;0.06304;0.01661;-0.04981;0.01271;-0.14764;0.15413;0.03178;0.00799;0.11346;0.12393;0.01139;0.00147;-0.27342;0.94915
"égalité";-0.42882;0.0412;0.18036;0.01313;0.58717;0.15496;0.41171;0.08855;0.2972;0.05656;-0.63327;0.35443;-0.02638;0.00069;-0.05266;0.00334;-0.01064;0.00016;0.05452;0.00472
"œuvre";-0.50197;0.58712;-0.19395;0.15793;-0.43289;0.87597;0.13146;0.09389;-0.12371;0.10193;0.04135;0.01572;0.29026;0.86668;-0.43694;2.38915;-0.24393;0.87667;-0.10454;0.18039
"également";0.2509;0.05548;-0.04432;0.00312;0.05945;0.00625;-0.13584;0.03792;0.27984;0.19726;-0.19978;0.13875;0.05929;0.01368;0.24223;0.2777;-0.05028;0.01409;0.01423;0.00126
"partir";-0.18927;0.05993;-0.20259;0.1237;0.13767;0.0636;-0.03079;0.0037;-0.15843;0.12002;-0.07539;0.03751;-0.19108;0.26965;0.16142;0.2341;0.06596;0.04603;0.04395;0.02289
"travailler";-0.002;0;0.38946;0.15511;0.58391;0.38822;0.12276;0.01994;-0.15675;0.03986;-0.02855;0.00182;0.29958;0.22488;0.08972;0.02454;0.12801;0.05881;0.13356;0.07172
"cadre";0.18606;0.03775;0.00386;3e-05;0.07778;0.01323;-0.10745;0.02935;-0.06534;0.01331;0.0081;0.00028;-0.24829;0.29676;-0.00369;8e-05;0.35901;0.88867;-0.30934;0.73907
"vie";-0.11897;0.02051;-0.38227;0.38147;-0.27008;0.21201;0.17225;0.10024;-0.10209;0.04316;0.13426;0.10302;0.14557;0.13555;-0.07027;0.03842;0.04375;0.01753;0.13544;0.18826
"notion";0.17823;0.0261;0.29034;0.12477;0.32166;0.17051;0.02206;0.00093;-0.04479;0.00471;0.45833;0.68073;0.06446;0.01507;-0.30068;0.39888;0.21727;0.24522;-0.00379;8e-05
"notamment";0.01285;0.00022;0.31424;0.23917;-0.22608;0.13783;-0.0155;0.00075;-0.32594;0.40819;0.06678;0.02365;0.01636;0.00159;-0.30396;0.66703;0.0591;0.02969;0.17143;0.27984
"mise";0.26113;0.12121;-0.09775;0.0306;-0.14793;0.07803;0.01686;0.00118;0.12421;0.07838;-0.19684;0.27167;-0.11747;0.10827;-0.08468;0.06845;-0.03579;0.01439;-0.20533;0.53079
"guerre";-0.98219;2.19026;0.04021;0.00661;0.65229;1.9379;0.33773;0.60383;0.90248;5.28533;0.90401;7.31903;-0.4316;1.86711;-0.33715;1.38596;-0.11763;0.19863;0.03512;0.01984
"Europe";-0.50339;0.58669;-0.01728;0.00125;0.16778;0.13075;-0.05627;0.0171;0.00148;1e-05;-0.0862;0.06786;0.04334;0.0192;-0.17388;0.37593;-0.01977;0.00572;-0.31903;1.66913
"personne";0.41768;0.04951;0.31356;0.05027;0.23127;0.03045;-0.26608;0.04685;-0.08955;0.0065;-0.30569;0.10461;0.26773;0.08981;-0.30203;0.13903;0.71823;0.92573;0.27025;0.14681
"place";-0.35331;0.19205;0.07238;0.01452;0.34073;0.35831;-0.11601;0.04828;0.00669;2e-04;-0.12638;0.09692;0.00356;9e-05;-0.14738;0.17946;-0.10407;0.10536;-0.00549;0.00033
"citoyen";0.08344;0.00343;0.31485;0.08804;0.72457;0.51913;0.08674;0.00865;-0.06629;0.00619;-0.00206;1e-05;0.2047;0.09118;-0.25603;0.17353;-0.14721;0.06755;0.05888;0.01211
"république";-0.92557;0.84454;0.04898;0.00426;1.30012;3.34282;0.02818;0.00182;0.86961;2.13081;0.1915;0.14261;-0.321;0.44845;-0.20083;0.21354;-0.09017;0.05068;0.23224;0.37663
"situation";0.51195;0.24272;-0.33415;0.1863;-0.1184;0.02604;0.0125;0.00034;0.2978;0.23475;-0.37694;0.51903;-0.05621;0.01292;0.04711;0.01104;-0.08536;0.04267;-0.01796;0.00212
"économique";0.35198;0.24056;0.0802;0.0225;0.15743;0.09654;-0.25241;0.28847;0.17052;0.16138;-0.0652;0.03256;0.16518;0.2339;-0.03524;0.01295;-0.01408;0.00243;0.06891;0.0653
"quel";0.17043;0.04599;0.19688;0.11057;0.60756;1.17243;0.04177;0.00644;-0.09102;0.03749;0.0758;0.03588;-0.07481;0.03912;-0.01081;0.00099;0.05576;0.03113;-0.04199;0.01977
"forme";0.24879;0.04623;0.06517;0.00572;-0.30993;0.14391;0.06273;0.00685;0.04239;0.00384;-0.07709;0.01751;-0.02643;0.0023;-0.09194;0.0339;0.06736;0.02143;0.11078;0.06492
"choisir";0.22738;0.07182;-0.02095;0.0011;-0.2217;0.13697;0.02651;0.00228;-0.08211;0.02677;-0.21735;0.25886;-0.13913;0.11872;-0.29515;0.6499;-0.00224;4e-05;0.05295;0.02759
"choix";0.62536;0.64255;-0.21715;0.13959;0.00399;5e-05;0.07961;0.02428;0.09331;0.04089;-0.04417;0.01264;0.13264;0.12762;-0.1405;0.17418;-0.02224;0.00514;-0.04322;0.02174
"art";-0.8342;1.30968;-0.00537;1e-04;-0.74574;2.09966;0.50598;1.12346;-0.0497;0.01329;0.32146;0.76715;0.28791;0.68872;-0.22643;0.5182;0.07958;0.07537;0.09387;0.11745
"dont";-0.11832;0.01736;0.00755;0.00013;-0.17456;0.07578;-0.13292;0.05107;0.06124;0.01329;0.00697;0.00024;-0.07603;0.03163;-0.13556;0.12235;0.02371;0.00441;0.12915;0.14647
"principe";-0.71556;0.1912;0.10772;0.00781;0.27602;0.05707;-0.01818;0.00029;0.13963;0.02081;-0.37752;0.20993;0.39753;0.26051;-0.15845;0.05035;0.02322;0.00127;0.22507;0.13398
"femme";-0.59676;0.27128;-0.21916;0.06592;1.12026;1.91784;-0.09897;0.0174;0.56976;0.70682;-0.40491;0.49267;-0.06515;0.01427;-0.08477;0.0294;0.14641;0.10325;0.30365;0.49752
"possible";0.092;0.00923;-0.05565;0.00608;0.03931;0.00338;0.1174;0.03504;-0.17168;0.09186;-0.14109;0.08562;0.17165;0.14184;-0.23746;0.33019;-0.07026;0.03404;-0.02905;0.00652
"contre";-0.13478;0.00678;-0.54118;0.19704;0.12318;0.01137;-0.00074;0;-0.41561;0.18436;0.17663;0.04595;-0.08592;0.01217;0.09753;0.01908;-0.08785;0.01822;0.01757;0.00082
"débat";0.10434;0.00699;0.23554;0.0642;0.07715;0.00767;-0.36777;0.20255;0.47349;0.41157;-0.20671;0.10826;0.38159;0.41287;0.53452;0.98552;-0.26685;0.2892;0.34344;0.5366
"lieu";-0.04715;0.00352;0.32823;0.30732;-0.31283;0.31084;-0.1227;0.05558;0.03687;0.00615;0.34273;0.73362;0.11976;0.10025;0.1814;0.27981;0.46086;2.12639;-0.10485;0.12329
"site";-0.2235;0.05074;0.14564;0.03881;-0.63805;0.82952;0.99206;2.33083;0.59185;1.01692;-0.14664;0.08615;0.03286;0.00484;0.1016;0.05631;0.12417;0.09903;-0.37586;1.01636
"action";-0.17351;0.01259;0.0375;0.00106;-0.48089;0.19403;-0.16868;0.02775;-0.31927;0.12185;-0.23543;0.09144;-0.22065;0.08989;-0.02006;9e-04;-0.33908;0.30406;0.49658;0.73051
"donner";-0.15903;0.02644;-0.00954;0.00017;-0.0357;0.00267;0.21755;0.11538;0.14892;0.06628;0.07353;0.0223;-0.00691;0.00022;0.02353;0.00311;0.28421;0.53406;-0.0053;0.00021
"comment";0.25795;0.0815;-0.07386;0.01204;0.44747;0.49198;-0.05327;0.0081;-0.13894;0.06759;-0.0364;0.0064;-0.21773;0.25634;0.19227;0.24316;0.04925;0.01879;-0.1597;0.22126
"puissance";0.01267;3e-04;0.33653;0.38098;-0.10321;0.0399;-0.25147;0.27529;0.55168;1.62418;0.06885;0.03491;0.0567;0.0265;-0.07328;0.05385;-0.2388;0.67324;-0.16559;0.36262
"prendre";-0.11322;0.0134;-0.17794;0.05964;-0.18136;0.06899;-0.00078;0;0.09963;0.02966;-0.05445;0.01223;-0.04502;0.00935;-0.21869;0.26854;-0.13773;0.12542;-0.04594;0.01563
"groupe";-0.17439;0.01408;0.16316;0.02221;-0.3724;0.12882;-0.61003;0.40178;0.30393;0.12226;-0.195;0.06945;0.26092;0.13917;0.26029;0.16847;-0.37579;0.41347;0.03385;0.00376
"enjeu";0.61955;0.3612;-0.15978;0.04329;0.18924;0.0676;0.1181;0.0306;0.18531;0.09236;0.15043;0.084;-0.07506;0.0234;-0.22243;0.25003;0.33182;0.65514;-0.04597;0.01408
"rôle";-0.027;7e-04;-0.05297;0.00483;-0.02715;0.00141;-0.01852;0.00076;0.09987;0.02725;0.07574;0.02163;-0.28967;0.3541;0.06403;0.02105;-0.11649;0.08202;0.18634;0.23512
"partie";-0.47081;0.29798;0.24812;0.14911;-0.54316;0.79561;1.0659;3.5612;0.36749;0.51892;0.26668;0.37713;0.13925;0.11507;0.32956;0.7841;0.21135;0.37971;0.04719;0.0212
"compétence";0.08356;0.00448;0.2272;0.05974;0.7977;0.81988;-0.23252;0.08097;-0.09819;0.0177;0.22727;0.13087;0.01782;9e-04;0.20031;0.1384;0.09724;0.0384;-0.14812;0.09981
"réflexion";-0.28805;0.02479;-0.35936;0.06951;-0.08443;0.00427;0.37294;0.09688;0.00964;8e-05;0.49022;0.28319;0.32527;0.13953;0.03147;0.00159;0.2352;0.1045;0.30254;0.19368
"si";-0.19507;0.04263;-0.09703;0.019;-0.0796;0.01424;0.06788;0.01204;-0.19584;0.12281;-0.07613;0.02561;0.05459;0.01474;-0.04919;0.01456;0.08299;0.04879;-0.24195;0.46453
"homme";-0.1306;0.0135;-0.31426;0.14086;0.07419;0.00874;-0.24477;0.11059;0.05536;0.00694;-0.15462;0.07466;-0.07911;0.02187;0.07464;0.02369;0.01784;0.00159;0.29895;0.50113
"étudier";0.11707;0.01576;0.50103;0.52018;0.04434;0.00454;0.28727;0.22131;-0.17976;0.10622;0.15455;0.10836;0.11284;0.06465;-0.01643;0.00167;0.35613;0.92239;0.0089;0.00064
"agir";0.14033;0.01618;-0.00201;1e-05;-0.00569;5e-05;-0.14374;0.03958;0.28618;0.19231;-0.19085;0.11803;-0.15277;0.08465;0.02296;0.00233;-0.15312;0.12179;0.05827;0.01976
"ensemble";0.22475;0.05282;0.21876;0.09015;0.17216;0.06217;-0.14043;0.04808;0.01933;0.00112;-0.01901;0.00149;0.00345;6e-05;0.07422;0.03093;0.07526;0.03745;0.07474;0.04137
"population";0.7047;0.70468;-0.36733;0.34497;0.07225;0.01486;0.22278;0.1642;-0.06202;0.0156;-0.06319;0.02235;-0.25202;0.39787;0.07448;0.04228;-0.04847;0.02108;-0.08604;0.07441
"éducation";0.60617;0.24698;-0.75895;0.69754;0.08537;0.00983;0.44003;0.30347;0.19047;0.0697;-0.38055;0.38397;-0.49943;0.74016;-0.11094;0.04442;0.43521;0.80502;-0.27229;0.353
"séquence";0.0028;0;0.92974;0.11631;0.34057;0.01738;0.37348;0.02429;1.0997;0.25815;0.37578;0.0416;-0.40895;0.05514;-0.02782;0.00031;0.07157;0.00242;-0.32103;0.05452
"violence";-0.96665;0.22332;-0.09578;0.00395;-0.15989;0.01226;0.33105;0.06107;0.3237;0.07158;0.86073;0.69841;-0.26516;0.07418;-0.19494;0.04877;-0.01769;0.00047;0.31817;0.17136
"ville";0.54249;0.50551;0.37042;0.42464;-0.26252;0.23748;-0.17704;0.12553;-0.10701;0.05622;-0.00817;0.00045;-0.13226;0.13265;-0.37326;1.28524;0.64317;4.49314;0.02651;0.00855
"certain";0.33423;0.12014;0.2944;0.16794;0.02324;0.00116;-0.10086;0.02551;-0.03821;0.00449;-0.05912;0.01483;-0.06487;0.01998;0.0076;0.00033;0.04727;0.01519;0.02374;0.00429
"inégalité";0.95739;1.17743;-0.19258;0.08583;0.07492;0.01446;0.31544;0.29803;-0.10926;0.04383;-0.21337;0.23069;-0.04128;0.00966;-0.18469;0.23532;-0.18443;0.2763;-0.00335;1e-04
"sans";-0.22643;0.06892;0.18657;0.08431;-0.2053;0.11366;-0.00676;0.00014;-0.03402;0.00445;0.1251;0.08299;-0.13193;0.10329;0.01387;0.00139;-0.13256;0.14936;0.09569;0.08718
"proposer";0.39478;0.07217;-0.15563;0.02021;-0.22931;0.04884;0.0924;0.00922;-0.02763;0.00101;-0.23046;0.09701;-0.09678;0.01915;-0.13947;0.04837;0.21787;0.13898;-0.18145;0.10798
"révolution";-0.87628;1.00931;-0.28874;0.19744;0.18421;0.08948;0.02661;0.00217;-0.02497;0.00234;-0.66471;2.29091;0.93462;5.06881;-0.1829;0.23615;0.03712;0.01146;-0.10462;0.10191
"développer";0.40062;0.15103;-0.30546;0.15819;-0.03387;0.00217;0.36681;0.29523;0.22577;0.1371;-0.17286;0.11091;-0.12604;0.066;0.15707;0.12468;-0.04563;0.01239;-0.00935;0.00058
"année";-0.60992;0.4223;-0.04465;0.00408;0.51606;0.60649;-0.043;0.00489;0.68056;1.50281;0.09502;0.04043;0.04118;0.0085;0.01238;0.00093;-0.04378;0.01376;-0.02013;0.00326
"États";0.56352;0.4933;-0.0544;0.00828;-0.04471;0.00623;-0.17314;0.10858;0.34095;0.51614;0.11929;0.0872;0.12308;0.10388;0.15882;0.21044;-0.26914;0.71155;0.03642;0.01459
"montrer";0.22476;0.06263;-0.09267;0.01918;0.27546;0.18872;0.09727;0.02735;-0.1986;0.13976;0.00515;0.00013;-0.19043;0.19848;0.00019;0;-0.06078;0.02896;0.01508;0.002
"lier";0.45563;0.20155;0.01552;0.00042;0.07403;0.01067;0.00684;0.00011;-0.04271;0.00506;-0.09097;0.03169;-0.11971;0.06142;-0.05015;0.01311;0.27501;0.4643;0.02456;0.00415
"opinion";-0.5967;0.04255;-0.24497;0.01292;-0.4147;0.04122;0.29823;0.02478;0.5912;0.11938;0.13633;0.00876;0.26756;0.03776;-0.42015;0.11328;-0.16935;0.02167;-0.37705;0.12033
"autour";0.12829;0.01205;-0.10892;0.01565;-0.2012;0.05944;-0.15956;0.04345;-0.33623;0.2365;0.15012;0.06506;-0.02754;0.00245;0.25379;0.25317;-0.16404;0.12454;0.24746;0.31746
"problématique";0.30745;0.10872;-0.23659;0.11599;-0.12534;0.03625;0.01856;0.00092;-0.07276;0.01741;-0.17463;0.13835;-0.42108;0.90026;-0.00277;5e-05;0.00198;3e-05;0.10394;0.08802
"idée";-0.56821;0.2797;-0.04009;0.00251;-0.05969;0.00619;-0.068;0.00934;0.23373;0.13527;-0.13099;0.05864;0.15932;0.09708;-0.04959;0.01144;-0.11198;0.06869;-0.12745;0.09968
"parcours";0.10395;0.00968;0.37393;0.22577;0.75351;1.02078;-0.07415;0.01149;-0.22988;0.13537;0.36442;0.46948;0.05669;0.01271;-0.08611;0.03569;0.18876;0.20193;-0.09464;0.05686
"presse";-0.33957;0.04134;-0.01152;9e-05;0.06929;0.00345;-0.42617;0.15181;0.49562;0.25168;-0.38529;0.20992;0.60776;0.58456;0.47494;0.43427;-0.11752;0.03131;0.41542;0.4382
"bien";0.07389;0.00652;-0.08146;0.01429;0.1991;0.09502;-0.12463;0.04327;-0.28038;0.2685;-0.18413;0.1598;0.08996;0.0427;0.13917;0.1243;0.13421;0.13609;0.12704;0.1366
"général";-0.24778;0.05777;-0.12389;0.02602;0.13736;0.03562;0.13192;0.03818;-0.01576;0.00067;0.18405;0.12573;-0.06565;0.0179;0.04331;0.00948;-0.06559;0.0256;-0.04681;0.01461
"appuyer";-0.02616;0.00044;-0.0569;0.00375;-0.03815;0.00188;-0.41276;0.25514;0.00775;0.00011;0.25434;0.16389;0.0597;0.0101;0.35368;0.43148;-0.07023;0.02003;-0.01622;0.0012
"travers";-0.03449;0.00084;-0.06209;0.00488;-0.52297;0.38518;-0.10907;0.01947;-0.03704;0.00275;-0.00161;1e-05;-0.01511;0.00071;-0.15555;0.09122;-0.02358;0.00247;0.12295;0.07517
"acteur";0.48101;0.29721;-0.01936;0.00087;0.00294;2e-05;-0.19324;0.11185;0.21407;0.16825;0.0256;0.00332;0.26826;0.40808;0.03312;0.00757;-0.18445;0.27636;0.01367;0.0017
"engagement";-0.27027;0.0251;-0.06327;0.00248;-0.01026;7e-05;0.33926;0.0922;0.14947;0.02194;0.57967;0.45536;0.77106;0.90169;-0.50504;0.47058;0.23567;0.12065;-0.17559;0.07502
"fait";-0.26739;0.06194;0.02376;0.00088;-0.02099;0.00077;-0.12146;0.0298;-0.13752;0.04683;0.08057;0.02218;0.23467;0.21062;-0.01117;0.00058;-0.0152;0.00127;0.06026;0.02228
"valeur";-0.40917;0.06002;0.16481;0.01754;0.41944;0.12652;-0.28629;0.06851;-0.11338;0.01317;-0.09623;0.01309;-0.21081;0.07033;0.06864;0.00907;0.11136;0.02811;0.23676;0.14233
"lui";-0.44994;0.15422;0.07589;0.0079;-0.20544;0.0645;0.04572;0.00371;-0.11437;0.02848;0.06202;0.01156;-0.1895;0.12076;0.36936;0.55812;0.12727;0.07803;-0.29217;0.4606
"information";0.71286;0.18976;0.49664;0.16595;-0.18468;0.02555;-0.77795;0.52695;0.43296;0.20007;0.22869;0.07704;0.26524;0.11597;0.06007;0.00724;0.07683;0.01394;-0.00814;0.00018
"approche";0.1903;0.04598;-0.15888;0.05774;-0.08617;0.01891;0.13588;0.05466;-0.14486;0.07615;-0.05977;0.01789;0.03051;0.00522;0.01494;0.00152;0.07917;0.05032;0.10636;0.10172
"relation";-0.28411;0.09525;0.02229;0.00106;-0.27506;0.17909;-0.10416;0.02985;-0.31271;0.32981;0.20249;0.19085;-0.05935;0.01835;-0.29418;0.54843;0.0189;0.00267;0.00662;0.00037
"lequel";-0.0239;0.00057;0.12235;0.02699;0.05537;0.00616;-0.11253;0.02955;0.07532;0.01623;-0.09623;0.03655;-0.04391;0.00852;-0.0594;0.01896;-0.19426;0.23879;0.03344;0.00793
"réseau";0.7794;0.46275;0.74831;0.76855;-0.40125;0.24604;-0.6127;0.66679;0.23609;0.12136;0.10654;0.0341;0.03408;0.00391;-0.29809;0.36351;0.46644;1.048;0.1077;0.06259
"second";-0.37252;0.114;-0.0089;0.00012;0.63908;0.67309;0.17606;0.05937;0.27041;0.17169;0.30301;0.29754;0.07937;0.02285;0.25714;0.29173;0.11334;0.06673;0.11376;0.0753
"carte";0.07852;0.00884;0.11087;0.03176;-0.2205;0.13986;0.30316;0.30728;-0.17938;0.13189;-0.01421;0.00114;0.30534;0.59021;-0.33025;0.83988;-0.04958;0.02229;-0.12437;0.15711
"évolution";-0.06004;0.00296;-0.06257;0.00579;0.55501;0.50765;0.2709;0.14058;0.10494;0.02586;0.3817;0.47214;-0.14854;0.08002;0.04973;0.01091;-0.16693;0.14476;-0.00496;0.00014
"point";-0.05848;0.00301;0.02164;0.00074;0.11732;0.02433;-0.00699;1e-04;0.07068;0.01258;0.33583;0.39205;0.03103;0.00375;0.21249;0.21369;0.02973;0.00493;0.2015;0.25344
"construire";-0.17482;0.0283;0.23723;0.0939;0.15283;0.04339;0.41736;0.37613;-0.172;0.0783;0.14813;0.08016;0.19266;0.15175;0.03133;0.00488;0.0638;0.02384;-0.05241;0.01802
"international";0.23927;0.059;0.22271;0.0921;0.01235;0.00032;-0.18559;0.08277;0.67021;1.32321;0.02494;0.00253;0.14235;0.0922;0.18779;0.19518;0.04419;0.01273;0.1727;0.21774
"risque";1.18712;1.81028;-1.12816;2.94562;0.33415;0.28773;0.5952;1.06108;-0.15151;0.08428;0.16861;0.14406;0.18323;0.19038;-0.05497;0.02084;-0.13838;0.15553;0.04002;0.01457
"poser";0.26638;0.05193;0.13071;0.02253;0.43964;0.28379;-0.05509;0.00518;-0.21397;0.09577;0.12561;0.04555;0.13746;0.06105;-0.0619;0.01506;0.01352;0.00085;-0.04176;0.00904
"définir";-0.15788;0.00596;0.072;0.00223;-0.51872;0.129;-0.3647;0.07412;-0.34072;0.0793;0.18072;0.03079;0.07275;0.00558;0.0224;0.00064;-0.32203;0.15671;0.01869;0.00059
"racisme";-1.04014;0.03232;-0.21728;0.00254;0.35997;0.00777;-0.11674;0.00095;0.03135;8e-05;-1.056;0.13141;1.04203;0.1432;0.00207;0;0.24463;0.0113;0.09211;0.0018
"géographie";0.70094;0.66049;0.24042;0.14;-0.17716;0.08464;0.39617;0.49196;0.31926;0.39163;-0.3035;0.48844;-0.2435;0.35189;0.24543;0.43486;0.07324;0.04559;-0.19745;0.37123
"diversité";0.33956;0.05167;0.05043;0.00205;-0.21376;0.04108;-0.38999;0.15891;-0.20774;0.05527;0.21866;0.08451;0.08251;0.01347;0.26366;0.1673;-0.18612;0.09815;0.05647;0.01012
"représenter";0.27218;0.01881;-0.2073;0.01966;-0.35931;0.06577;-0.23224;0.03193;-0.12406;0.01117;-0.21139;0.04476;-0.4104;0.18881;-0.07768;0.00823;0.23623;0.0896;0.30591;0.16831
"fort";0.44905;0.21384;0.02217;0.00094;0.28814;0.17663;-0.0491;0.00596;-0.13107;0.05207;0.10992;0.05054;0.20206;0.19115;0.08278;0.03903;0.05201;0.01814;-0.15417;0.17854
"humain";0.94984;0.84897;-0.40452;0.27743;0.02012;0.00076;0.05341;0.00626;0.10108;0.02748;0.04298;0.00686;0.13761;0.07867;-0.07791;0.03067;0.1097;0.07161;0.08019;0.04286
"porter";0.24839;0.03778;0.20848;0.04796;-0.11786;0.01707;0.35707;0.18206;0.24753;0.10725;-0.16389;0.06488;-0.0028;2e-05;-0.02315;0.00176;-0.09623;0.03586;-0.02978;0.00385
"majeur";0.56657;0.37399;0.04117;0.00356;0.19963;0.09314;-0.12199;0.04043;0.07439;0.01843;0.17317;0.13781;-0.02139;0.00235;0.03961;0.00982;-0.07725;0.04397;-0.01857;0.00285
"représentant";-0.5131;0.02359;-0.4079;0.02686;-0.33001;0.01958;0.04233;0.00037;-0.64021;0.10499;0.22902;0.01854;0.46837;0.08679;-0.21009;0.02124;-0.34423;0.06715;-0.44545;0.12596
"où";-0.03884;0.00142;-0.28453;0.13725;0.24837;0.11645;0.15;0.04937;-0.00784;0.00017;-0.08998;0.03006;-0.13909;0.08037;0.13104;0.08678;0.10944;0.07127;0.07244;0.03498
"construction";-0.20611;0.03617;0.51088;0.40035;0.19227;0.06314;0.13167;0.03442;0.00765;0.00014;0.27512;0.25421;-0.37207;0.52033;-0.2343;0.251;-0.43393;1.01372;0.16397;0.16214
"urbain";0.4157;0.23488;0.70767;1.22642;-0.19744;0.10629;-0.02299;0.00168;-0.32612;0.41319;-0.01758;0.00166;-0.09604;0.05535;-0.19286;0.2715;0.23855;0.48912;0.01954;0.00367
"pratique";0.35683;0.12552;0.22281;0.08818;0.19682;0.07661;-0.22369;0.11502;-0.12908;0.04695;0.20996;0.17143;0.01351;0.00079;-0.12019;0.07648;0.29907;0.55757;0.07167;0.03587
"quelque";0.10546;0.01346;0.11801;0.03036;-0.34332;0.28609;-0.20262;0.11581;-0.04922;0.00838;0.06824;0.02223;0.17693;0.1672;-0.13651;0.12108;0.06306;0.03043;0.23031;0.45457
"effet";0.65091;0.44932;0.11443;0.02502;0.09469;0.01908;-0.03739;0.00346;0.13192;0.05275;-0.05349;0.01197;0.02829;0.00375;0.19716;0.22139;-0.37033;0.91967;-0.0333;0.00833
"pédagogique";-0.57795;0.07983;-0.35691;0.05485;-0.73727;0.2606;0.01289;9e-05;0.07968;0.00434;-0.39003;0.14341;0.4864;0.24961;-0.65453;0.54986;-0.38597;0.22513;-0.57883;0.56717
"rapport";-0.30059;0.07423;-0.27819;0.11455;-0.20583;0.06982;-0.07431;0.01058;-0.09892;0.02298;0.03697;0.00443;-0.00585;0.00012;-0.09005;0.03578;-0.15697;0.128;-0.25019;0.36424
"dimension";0.02553;0.00046;0.15118;0.02891;-0.25464;0.09132;0.0967;0.01531;-0.19833;0.07893;-0.02738;0.00208;0.14506;0.06521;-0.39921;0.60084;-0.21044;0.19659;-0.07673;0.02928
"culturel";0.06133;0.00455;0.27426;0.16396;-0.23362;0.13247;-0.54163;0.8276;0.23878;0.19717;0.0699;0.02332;-0.02174;0.00252;0.19045;0.23568;-0.20517;0.32205;0.00511;0.00022
"projet";-0.23131;0.03117;0.36939;0.14321;0.06906;0.00557;0.21381;0.06209;0.04097;0.00279;-0.03177;0.00232;-0.19911;0.10196;-0.24907;0.19408;-0.32157;0.3809;-0.12216;0.06158
"identifier";0.59613;0.17517;0.17806;0.02816;-0.16439;0.02672;-0.24985;0.07175;0.16097;0.03651;0.38091;0.28212;0.50652;0.55829;0.06029;0.00962;0.20618;0.1325;-0.13587;0.06446
"alors";-0.2884;0.06212;-0.04924;0.00326;0.18774;0.05281;0.06494;0.00734;0.11628;0.02886;-0.15795;0.0735;0.05007;0.00827;-0.01118;5e-04;0.20964;0.20754;0.06029;0.01923
"terme";0.2707;0.05692;-0.05273;0.00389;0.4273;0.2845;-0.10223;0.01893;-0.24598;0.13432;-0.02561;0.00201;0.09069;0.0282;0.24587;0.25216;0.09434;0.04371;-0.04892;0.01317
"identité";0.27994;0.01053;0.67225;0.10946;-0.55923;0.08434;-0.43131;0.05831;-0.02667;0.00027;-0.07518;0.003;-0.05445;0.00176;-0.04363;0.00137;-0.49831;0.21108;0.37462;0.13363
"sous";-0.0629;0.00349;0.07307;0.00848;-0.25344;0.11355;0.15755;0.05101;-0.04269;0.00459;0.04391;0.0067;-0.12037;0.05637;0.20992;0.20856;0.12793;0.0912;-0.11148;0.07758
"sein";0.34554;0.08917;0.16933;0.03858;-0.18101;0.04909;-0.23795;0.09859;-0.1552;0.05142;-0.02893;0.00247;-0.24196;0.19302;0.3094;0.38394;-0.32324;0.49343;-0.22389;0.26517
"respect";0.27545;0.0034;-0.43832;0.01551;-0.6491;0.03787;-0.21034;0.00462;0.5952;0.04537;-0.48371;0.04136;0.03573;0.00025;-0.13074;0.00411;-0.32027;0.02906;-0.4009;0.05101
"métropole";0.79944;0.78279;0.96723;2.06449;-0.42608;0.44607;-0.49518;0.70027;0.57385;1.15284;0.04397;0.00934;0.22192;0.2663;0.12273;0.09909;-0.07412;0.04255;-0.06162;0.03294
"principal";0.38725;0.1344;0.44336;0.3174;0.27787;0.13881;0.19209;0.07711;-0.29262;0.21934;0.10346;0.03784;0.11859;0.05564;-0.09731;0.04558;0.15628;0.13841;-0.05107;0.01656
"crise";-0.63035;0.40358;0.08014;0.01175;0.72643;1.07523;-0.12448;0.0367;0.58182;0.98276;0.31675;0.40199;-0.32953;0.48693;-0.63975;2.23253;-0.30065;0.58053;-0.22247;0.35607
"présenter";-0.46515;0.11311;0.14201;0.01899;-0.27265;0.07796;0.2866;0.10012;-0.23112;0.07982;0.09894;0.02019;0.08569;0.01695;0.2457;0.16948;0.15056;0.07494;0.43746;0.70865
"selon";0.53644;0.18913;-0.04932;0.00288;-0.43039;0.24422;-0.35753;0.19589;0.26324;0.13017;-0.08433;0.01844;0.05234;0.00795;0.09509;0.03192;-0.34695;0.50025;0.18256;0.15516
"État";-0.16403;0.0205;-0.08648;0.01026;-0.05795;0.00513;-0.4365;0.33842;-0.01487;0.00048;0.14908;0.06678;-0.2829;0.26915;0.293;0.3512;-0.22327;0.24012;0.10489;0.05937
"objectif";0.44647;0.04764;0.09049;0.00353;-0.15199;0.01108;0.46622;0.12112;-0.314;0.06735;-0.65027;0.39862;-0.47458;0.23763;-0.50767;0.33079;-0.09103;0.01252;0.01281;0.00028
"démocratique";-0.65838;0.11007;0.38192;0.06673;1.56913;1.25421;-0.06691;0.00265;0.94757;0.65166;0.25256;0.06389;-0.73128;0.59948;-0.39729;0.21524;-0.54584;0.47839;0.15693;0.04429
"démarche";0.62333;0.22634;0.22466;0.05297;0.28796;0.0969;0.13924;0.02633;-0.16698;0.04643;-0.32929;0.24916;-0.02782;0.00199;0.05351;0.00896;-0.18114;0.12087;0.08293;0.02838
"http";-0.23971;0.06609;-0.03022;0.00189;-0.8057;1.49776;1.17092;3.6768;0.61543;1.24509;-0.11546;0.06048;0.11451;0.06658;0.16069;0.15949;0.29752;0.64378;-0.35872;1.04829
"collège";0.11487;0.00158;0.65371;0.092;-0.45517;0.04966;0.84135;0.19723;0.00535;1e-05;0.05148;0.00125;-0.42531;0.09542;0.63424;0.25815;0.00031;0;0.11835;0.01186
"séance";-1.13295;0.01917;-0.30682;0.00253;-0.75183;0.01694;0.21643;0.00163;-0.13405;0.00077;-0.43357;0.01108;0.93471;0.05761;-1.06548;0.09107;-0.44385;0.01861;-0.97474;0.10052
"non";0.16173;0.0168;0.07104;0.00584;0.11145;0.01601;0.53129;0.42272;0.13765;0.03478;-0.04334;0.00476;-0.47173;0.63097;0.04336;0.00649;0.11536;0.05405;0.06151;0.01721
"y";-0.0253;0.00053;-0.1552;0.03565;0.11162;0.02053;0.21107;0.08534;0.02679;0.00169;-0.24676;0.19733;-0.0785;0.02235;-0.01745;0.00134;-0.15052;0.11769;0.00551;0.00018
"important";0.0553;0.00155;-0.05409;0.00268;0.17241;0.03028;-0.22263;0.05869;0.18791;0.05125;-0.24065;0.11601;-0.01474;0.00049;0.36109;0.35562;0.14507;0.06759;-0.14426;0.07486
"capacité";0.61185;0.24045;-0.09072;0.00952;-0.08247;0.00876;0.20052;0.06022;0.22117;0.0898;0.45545;0.52554;0.46598;0.61569;0.11011;0.04182;-0.30145;0.36907;0.11243;0.05751
"heure";0.30712;0.01268;0.28358;0.01948;-0.67675;0.12351;-1.03486;0.33568;0.9315;0.3334;0.19452;0.02007;-0.11684;0.0081;0.52459;0.19867;-0.90223;0.69196;0.35783;0.12192
"encore";0.20787;0.03292;0.26405;0.09569;0.13351;0.02724;-0.28627;0.14556;0.1832;0.07307;-0.11485;0.03963;0.26539;0.23687;0.36738;0.55217;0.06302;0.01913;0.0046;0.00011
"période";-0.84467;0.71401;-0.15342;0.04244;0.23964;0.11529;-0.20124;0.09449;-0.34729;0.345;-0.00987;0.00038;0.07344;0.02383;0.29034;0.45306;0.07554;0.03611;-0.63515;2.85961
"local";0.45045;0.19397;-0.01696;5e-04;0.14992;0.0431;0.07417;0.01226;-0.2328;0.14808;-0.03538;0.00472;0.15184;0.09729;0.23992;0.29551;-0.23302;0.32821;-0.05733;0.02225
"dynamique";0.51724;0.3077;0.81737;1.38441;-0.00189;1e-05;0.11083;0.03294;-0.2643;0.22963;-0.05143;0.012;-0.11141;0.06303;-0.06539;0.02641;0.10072;0.07378;-0.24405;0.4852
"nombreux";-0.17255;0.0249;-0.09701;0.01418;-0.16458;0.04545;-0.12517;0.03056;-0.09766;0.0228;0.07931;0.02075;-0.02572;0.00244;-0.03347;0.00503;0.10628;0.05974;-0.20511;0.24926
"entrée";-0.16184;0.01565;0.02555;7e-04;0.40111;0.19284;0.1131;0.01782;0.07133;0.00869;0.2596;0.15882;0.01574;0.00065;0.26847;0.23128;-0.02714;0.00278;-0.31714;0.42565
"document";-0.36799;0.11327;0.21846;0.07192;-0.2723;0.12442;0.74019;1.06855;0.01296;4e-04;0.63634;1.33607;0.05902;0.01286;0.20034;0.1803;0.20024;0.21208;0.1912;0.2166
"Afrique";0.13002;0.01995;-0.11157;0.02646;-0.24627;0.14356;-0.29677;0.24232;-0.08662;0.0253;-0.05182;0.0125;-0.03207;0.00536;-0.40839;1.05693;0.47083;1.6541;0.17136;0.24543
"règle";0.08095;0.00059;-0.10015;0.00162;-0.70258;0.08875;-0.433;0.03918;-0.08677;0.00193;0.06124;0.00133;-0.18015;0.01284;-0.33516;0.05407;0.11963;0.00811;0.41005;0.10673
"article";-0.45339;0.02763;-0.45563;0.05028;0.45931;0.05689;-0.05655;0.001;-0.11821;0.00537;-0.72847;0.2814;0.69358;0.28549;0.22093;0.03524;0.24764;0.05213;0.51624;0.25377
"religieux";-0.51528;0.26572;-0.11836;0.02526;-0.48742;0.47696;-0.59857;0.83603;-0.76278;1.66427;0.33205;0.43527;-0.475;0.99681;0.55588;1.66074;-0.02973;0.00559;0.28912;0.59252
"très";0.38917;0.14252;-0.06923;0.00813;-0.25386;0.12166;-0.29317;0.18859;0.05887;0.00932;0.03334;0.00413;-0.04873;0.00986;-0.09368;0.04436;0.2253;0.30203;0.13323;0.11832
"aller";-0.21156;0.04412;-0.17469;0.0542;-0.66756;0.88131;0.3376;0.26199;0.29993;0.25348;-0.0336;0.00439;0.00515;0.00012;0.0838;0.03717;0.0239;0.00356;0.03236;0.00731
"fin";-0.40806;0.13431;-0.03228;0.00151;-0.0129;0.00027;-0.23415;0.10311;0.11543;0.03072;0.20381;0.13217;-0.2564;0.23409;-0.02931;0.00372;-0.04386;0.00981;0.07276;0.03024
"souligner";0.57696;0.18397;0.01089;0.00012;-0.05111;0.0029;-0.00435;2e-05;0.21721;0.07453;0.25118;0.13754;0.09107;0.02024;0.1269;0.0478;-0.23421;0.1917;-0.01749;0.0012
"proposition";-1.13295;0.01917;-0.30682;0.00253;-0.75183;0.01694;0.21643;0.00163;-0.13405;0.00077;-0.43357;0.01108;0.93471;0.05761;-1.06548;0.09107;-0.44385;0.01861;-0.97474;0.10052
"enseignement";0.18391;0.02425;0.34678;0.15534;0.63232;0.57507;0.00846;0.00012;-0.28695;0.16873;0.0051;7e-05;0.10357;0.03395;0.04163;0.00667;0.3066;0.42619;-0.10663;0.05774
"constituer";0.20385;0.03041;0.17362;0.03975;-0.04969;0.00363;-0.21114;0.07608;0.30885;0.19955;0.10814;0.03376;0.07423;0.0178;0.0641;0.01615;-0.17002;0.13378;0.03616;0.00678
"contexte";-0.21735;0.04163;-0.21699;0.07476;-0.33131;0.19405;0.06256;0.00804;0.17957;0.08122;0.01815;0.00115;0.02761;0.00297;-0.51103;1.23596;0.08139;0.03692;-0.07161;0.03201
"depuis";-0.25106;0.05837;0.01729;5e-04;0.16312;0.04943;-0.17155;0.06354;0.36729;0.35707;0.20261;0.14996;-0.05437;0.01209;-0.14945;0.11109;0.01519;0.00135;0.0575;0.02169
"chacun";-0.59431;0.13189;0.03297;0.00073;-0.39465;0.11667;0.6746;0.39624;0.30651;0.10028;0.56295;0.4668;0.59972;0.59291;-0.16932;0.05749;0.10328;0.02519;0.07181;0.01364
"consacrer";-0.21299;0.03862;-0.31808;0.15519;-0.43708;0.32629;-0.18683;0.06929;0.12407;0.03746;-0.31674;0.33693;-0.01427;0.00077;-0.13976;0.08931;-0.22566;0.27415;-0.02894;0.00505
"région";0.62574;0.3977;0.85578;1.34021;-0.21754;0.09642;0.46012;0.50139;0.07195;0.01503;-0.42839;0.73526;-0.15213;0.10378;0.15577;0.13236;-0.06183;0.02455;0.07092;0.03618
"n";-0.50364;0.18944;0.05864;0.00463;-0.98514;1.45403;0.71831;0.89851;0.25924;0.14346;0.33843;0.33742;-0.01265;0.00053;0.23578;0.22298;0.13112;0.08119;0.39596;0.82939
"croissance";0.91263;0.93305;-0.67347;0.91545;0.45683;0.469;0.13495;0.04757;-0.30765;0.30306;0.45506;0.91508;0.67495;2.25298;0.3328;0.66633;-0.25042;0.44421;-0.10362;0.0852
"organisation";0.21253;0.03981;0.43757;0.30401;-0.53944;0.51444;0.0957;0.01882;-0.04158;0.00435;-0.02265;0.00178;-0.07639;0.0227;0.07462;0.02635;0.08269;0.0381;0.1657;0.17139
"durable";0.93305;0.88426;-0.50903;0.47416;0.33065;0.22276;0.30294;0.21734;-0.15969;0.07403;0.07708;0.02381;0.08245;0.03049;-0.08789;0.04214;0.18438;0.21834;-0.01961;0.00277
"production";0.33997;0.07251;-0.22057;0.05499;-0.23178;0.06761;-0.05157;0.00389;0.69264;0.86024;0.10884;0.02931;-0.01061;0.00031;0.26502;0.23663;-0.12268;0.05971;0.05716;0.01452
"fois";-0.263;0.05786;0.0459;0.00317;0.08574;0.01234;-0.15993;0.04989;-0.06639;0.01054;-0.12222;0.04929;-0.15556;0.08936;0.15312;0.10532;-0.07202;0.02743;-0.06439;0.02457
"cela";-0.20817;0.01618;0.03212;0.00069;0.14763;0.01633;0.03476;0.00105;-0.28947;0.08943;-0.1159;0.01979;-0.32218;0.17112;-0.03651;0.00267;-0.26691;0.16822;0.06215;0.01022
"particulier";0.20045;0.02401;0.11277;0.01369;0.07486;0.00672;0.00309;1e-05;-0.08221;0.01154;-0.19079;0.08579;-0.12661;0.04228;0.3393;0.3694;0.13967;0.0737;-0.06751;0.01929
"élection";-0.9502;0.17532;-0.0292;3e-04;1.31465;0.67324;-0.24287;0.02671;0.56813;0.17914;-0.37103;0.10545;0.01375;0.00016;0.04388;0.00201;0.07479;0.00687;0.54978;0.41573
"connaître";-0.26046;0.03445;0.10764;0.0106;0.2877;0.08432;-0.04618;0.00253;-0.014;0.00028;-0.34733;0.24166;0.08365;0.01569;0.21327;0.12405;0.49844;0.79781;0.07014;0.0177
"pourquoi";0.01252;7e-05;0.51527;0.20721;0.49933;0.21666;0.07638;0.00589;-0.44175;0.24161;-0.0294;0.00148;0.11499;0.02529;-0.17045;0.06758;-0.06885;0.01298;-0.2131;0.13933
"sens|sen";-0.52302;0.17161;0.02775;0.00087;-0.53335;0.358;0.10823;0.01714;-0.06815;0.00833;0.00292;2e-05;0.26721;0.19774;-0.48563;0.79455;-0.38436;0.58605;-0.05864;0.01528
"moins";0.17139;0.01931;0.06489;0.00499;-0.05276;0.00367;-0.18751;0.05388;-0.16616;0.05186;0.00057;0;-0.03031;0.00267;-0.10532;0.03915;0.05289;0.01162;-0.14397;0.09649
"vote";-0.97029;0.37969;0.01806;0.00024;1.57553;2.00827;-0.20268;0.03863;0.7929;0.7247;-0.28536;0.12954;-0.0755;0.01015;-0.05449;0.00643;0.00404;4e-05;0.37081;0.39277
"occasion";0.42141;0.12732;0.40052;0.20722;0.25658;0.09468;0.20884;0.07291;-0.43893;0.3948;0.30159;0.25724;0.50325;0.80161;-0.29264;0.32975;0.02216;0.00223;0.18367;0.17133
"part";0.12982;0.0141;-0.29851;0.13429;-0.29789;0.1489;-0.05985;0.00699;-0.03309;0.00262;0.02601;0.00223;0.09538;0.03359;0.08917;0.03572;-0.10838;0.06213;0.06576;0.02562
"caractère";-0.05197;0.00077;-0.09527;0.00464;-0.25594;0.03729;0.18812;0.02342;-0.26095;0.05523;0.3784;0.1603;-0.03964;0.00197;0.38413;0.22489;-0.08931;0.01431;-0.1663;0.0556
"lutte";-0.17805;0.00663;-0.50191;0.09491;0.22949;0.02209;-0.06069;0.0018;-0.58135;0.202;0.03371;0.00094;0.36465;0.12275;0.34218;0.13149;-0.01229;2e-04;0.28502;0.12032
"trois";-0.32251;0.0839;-0.181;0.04761;-0.40529;0.26579;0.06506;0.00796;-0.02504;0.00145;0.17869;0.10159;0.06207;0.01372;0.0993;0.04271;-0.00811;0.00034;-0.11081;0.07015
"afin";0.47434;0.06049;0.3904;0.07383;0.05881;0.00187;0.05068;0.00161;-0.31213;0.07487;-0.05086;0.00274;0.38809;0.17877;-0.29917;0.12924;-0.18164;0.05609;0.09703;0.01793
"voir";-0.70264;0.28023;-0.14885;0.02266;0.32382;0.1194;-0.24187;0.07742;-0.04497;0.00328;-0.1697;0.06448;-0.00188;1e-05;0.04186;0.00534;0.06814;0.01666;-0.14239;0.08151
"mode";0.61867;0.20581;-0.28625;0.07938;-0.01273;0.00017;-0.04527;0.00257;-0.15201;0.03552;0.28295;0.16982;0.20915;0.10384;0.01049;0.00032;-0.27099;0.2497;0.04599;0.00806
"collectif";-0.28972;0.01755;-0.36471;0.05011;0.23143;0.02247;-0.11877;0.00688;-0.13108;0.01027;-0.11999;0.01188;0.35752;0.118;0.13061;0.01916;-0.12878;0.02193;0.18122;0.04864
"publique";0.00332;0;0.28044;0.04445;-0.264;0.04386;0.59618;0.25995;-0.01144;0.00012;-0.42446;0.22293;0.19059;0.0503;-0.15951;0.04286;-0.32162;0.20516;-0.17083;0.06484
"manière";0.1752;0.02384;-0.02363;0.00078;0.48231;0.36246;-0.1541;0.043;0.05039;0.00564;0.20667;0.13087;0.01452;0.00072;-0.06607;0.01821;-0.05422;0.01444;0.16201;0.1444
"façon";-0.15539;0.0018;0.13852;0.00258;-0.78492;0.09231;-0.3119;0.01694;0.46934;0.04702;0.78979;0.18376;-0.10347;0.00353;0.96188;0.37109;-0.06158;0.00179;0.23269;0.02864
"amener";0.49572;0.0624;-0.0635;0.00184;0.14427;0.0106;-0.32942;0.06425;0.31749;0.07316;0.05514;0.00305;0.50945;0.29094;-0.06861;0.00642;0.03242;0.00169;-0.01889;0.00064
"pauvreté";1.15571;1.35665;-0.98763;1.785;0.00334;2e-05;0.22836;0.1235;0.21608;0.13555;-0.14467;0.08385;-0.13149;0.07753;0.03833;0.00801;-0.01888;0.00229;-0.07839;0.04422
"limite";-0.14499;0.00345;0.19495;0.01125;0.83645;0.23061;0.34807;0.04641;-0.25561;0.03068;0.1717;0.01911;-0.0388;0.00109;0.72627;0.46543;-0.04001;0.00166;-0.34287;0.13682
"fr";-0.31141;0.08546;0.03663;0.00213;-0.85627;1.2962;1.29858;3.4651;0.57973;0.84657;0.02327;0.00188;0.06027;0.01413;0.25478;0.30721;0.37907;0.80073;-0.18824;0.2212
"organiser";0.16116;0.00931;-0.01283;0.00011;-0.24867;0.04447;-0.20941;0.03666;0.18173;0.03384;-0.3829;0.20732;-0.22417;0.07953;0.12042;0.02792;-0.32142;0.23418;0.1371;0.04773
"fondamental";-0.17513;0.00779;-0.1699;0.01321;0.52246;0.13905;-0.2932;0.0509;0.34801;0.0879;0.12493;0.01563;-0.01662;0.00031;0.18244;0.04539;-0.32597;0.17061;0.22841;0.09384
"définition";0.06744;0.00054;0.01671;6e-05;-0.28083;0.01891;0.20581;0.0118;-0.66102;0.14924;-0.29616;0.04134;-0.65514;0.22642;-0.08903;0.00509;-0.19171;0.02777;0.20163;0.03441
"plusieurs";0.3624;0.09024;0.32235;0.12863;-0.02696;0.001;-0.16454;0.04337;-0.12662;0.03149;0.17998;0.0878;0.43367;0.57045;-0.15697;0.09093;0.05579;0.01352;-0.16609;0.13425
"donc";-0.19554;0.01885;-0.35023;0.10893;-0.1161;0.01333;0.04379;0.0022;-0.19747;0.05494;0.24243;0.11427;-0.05984;0.00779;-0.05929;0.00931;-0.24155;0.18186;0.10491;0.03843
"réfléchir";-0.12345;0.00228;0.68982;0.12806;0.1083;0.00351;0.03955;0.00054;-0.213;0.01937;-0.68256;0.2745;0.40825;0.1099;-0.24567;0.04841;-0.1871;0.03306;0.05185;0.00284
"réaliser";0.01482;9e-05;0.40924;0.1262;-0.02438;5e-04;0.19234;0.03608;0.29269;0.10241;0.2369;0.09259;0.11004;0.02236;-0.11667;0.03058;-0.02658;0.00187;-0.38785;0.44563
"face";0.36009;0.07554;-0.19804;0.04116;0.40889;0.19538;0.21971;0.06557;-0.02283;0.00087;0.23756;0.12968;0.14626;0.05502;-0.07634;0.01823;-0.25825;0.24567;-0.01982;0.00162
"perspective";0.54355;0.26037;-0.04496;0.00321;-0.12881;0.02933;0.37597;0.29046;0.08952;0.02018;-0.07431;0.0192;-0.09;0.03151;0.09523;0.04292;-0.05107;0.01453;-0.0225;0.00316
"condition";0.11289;0.00818;-0.54112;0.33883;0.22751;0.06669;0.23378;0.08185;0.14265;0.03736;-0.33914;0.29139;0.34872;0.3448;0.00834;0.00024;0.56899;1.31486;0.25408;0.2937
"troisième";-0.69571;0.28195;0.62467;0.40954;0.05222;0.00319;1.36757;2.54031;0.76587;0.97664;0.17057;0.06685;0.19117;0.09398;0.56587;1.00177;0.44818;0.73988;0.23757;0.23288
"texte";-0.80264;0.26944;-0.15745;0.01868;-0.59793;0.29996;0.36454;0.12959;-0.03113;0.00116;0.74298;0.91071;0.15985;0.04718;0.00746;0.00013;0.25289;0.16913;0.44328;0.5821
"interroger";0.34157;0.05228;0.25141;0.05103;0.08552;0.00657;0.47003;0.23083;0.26027;0.08676;0.47723;0.40257;0.24682;0.12052;-0.10089;0.02449;0.33028;0.30908;0.08656;0.02378
"activité";0.3797;0.09906;0.09101;0.01025;-0.3321;0.15202;-0.11896;0.02267;-0.02493;0.00122;-0.18709;0.09487;-0.13262;0.05335;0.09048;0.03021;-0.20636;0.18502;0.44508;0.96408
"démographique";1.25659;1.50947;-0.98887;1.6842;0.50077;0.4809;0.49468;0.54545;-0.39458;0.42541;0.46135;0.8026;0.50228;1.06468;0.0264;0.00358;-0.16537;0.16532;-0.0437;0.01293
"médias";0.99694;0.07423;-0.13269;0.00237;-0.47777;0.0342;-0.54057;0.05089;0.74253;0.11769;-0.26888;0.0213;-0.23088;0.01758;-0.01493;9e-05;0.23264;0.02556;-0.12526;0.0083
"vers";0.06187;0.0032;-0.23803;0.08539;0.11644;0.02275;-0.18902;0.06969;0.07804;0.01456;-0.21292;0.14958;-0.14294;0.07545;0.00012;0;0.09878;0.05161;0.31889;0.60251
"éviter";0.06096;0.003;0.00047;0;-0.17877;0.05171;0.59234;0.65986;0.04712;0.00512;0.22921;0.16715;-0.34557;0.42522;0.21061;0.19215;0.31547;0.50758;0.42952;1.05402
"association";0.14265;0.00395;-0.49607;0.08609;0.27958;0.03045;-0.06214;0.00175;0.2025;0.02276;-0.71912;0.3961;0.34142;0.09992;0.05646;0.00332;0.41589;0.21237;0.15613;0.03353
"tel";-0.39861;0.09256;-0.01036;0.00011;-0.52915;0.32721;-0.20978;0.05977;-0.59553;0.59051;0.24721;0.14043;-0.34012;0.2975;0.1451;0.06586;-0.18676;0.12848;0.21185;0.18518
"image";-0.34826;0.08152;-0.11597;0.01629;-0.48566;0.31805;-0.02298;0.00083;-0.03161;0.00192;0.17087;0.07741;0.23207;0.15981;-0.19694;0.14001;-0.05414;0.01246;-0.07712;0.02832
"universel";-0.44805;0.06897;-0.12028;0.00896;1.00032;0.68962;-0.03375;0.00091;0.3244;0.10333;-0.7479;0.75801;-0.04792;0.00348;0.13052;0.03143;0.21175;0.09741;0.52587;0.67293
"finalité";-0.2612;0.00204;1.0737;0.06205;-0.3441;0.0071;1.7099;0.20365;0.34558;0.0102;0.94423;0.10506;-0.01367;2e-05;0.42298;0.0287;0.28333;0.01516;0.85887;0.15609
"autrui";-1.13295;0.01917;-0.30682;0.00253;-0.75183;0.01694;0.21643;0.00163;-0.13405;0.00077;-0.43357;0.01108;0.93471;0.05761;-1.06548;0.09107;-0.44385;0.01861;-0.97474;0.10052
"moyen";0.06423;0.00277;0.00027;0;-0.43477;0.25489;-0.36746;0.21162;-0.29628;0.16864;0.13269;0.04668;-0.35338;0.37055;0.02061;0.00153;0.29557;0.3713;0.38773;0.71575
"régime";-1.05615;0.63313;-0.01618;0.00027;0.61017;0.42392;0.40303;0.21497;0.89107;1.28812;0.47306;0.50104;0.06488;0.01055;-0.21399;0.13958;0.08325;0.02487;0.13398;0.07217
"rendre";-0.345;0.08178;-0.04486;0.00249;-0.16313;0.03668;-0.10135;0.01646;-0.22321;0.09784;0.25535;0.17672;-0.10627;0.03426;-0.26519;0.2595;-0.06361;0.01758;-0.17318;0.14596
"devenir";-0.26912;0.05409;-0.12547;0.02118;0.04046;0.00245;-0.25784;0.11577;-0.07203;0.01108;-0.03199;0.00301;-0.1092;0.03931;0.06322;0.01603;0.02427;0.00278;-0.43601;1.00566
"origine";-0.00604;2e-05;-0.02933;9e-04;-0.31274;0.1143;-0.4629;0.29104;0.09407;0.01474;-0.04907;0.00553;-0.07027;0.0127;0.05592;0.00978;-0.12801;0.06036;0.42532;0.74643
"spatial";0.89821;0.73509;0.82145;1.10772;0.02398;0.00105;-0.08219;0.01435;-0.16563;0.07145;0.0944;0.03203;0.13524;0.07357;-0.21636;0.22905;0.26072;0.39164;-0.07976;0.04106
"analyser";0.4049;0.06612;-0.12493;0.01134;0.66835;0.36139;0.14118;0.01874;-0.17892;0.0369;0.58342;0.54149;0.23443;0.09785;0.08315;0.01497;-0.06409;0.01048;0.03314;0.00314
"notre";-0.40423;0.04393;0.09493;0.00437;1.07524;0.62357;-0.1224;0.00939;-0.10352;0.00823;0.02775;0.00082;-0.41534;0.20475;0.43671;0.27537;-0.01954;0.00065;-0.24722;0.11639
"conflit";-0.29398;0.07745;-0.07607;0.00934;0.74443;0.99634;-0.05673;0.00673;0.4641;0.55174;0.488;0.84188;-0.62493;1.54512;-0.39762;0.76095;0.10486;0.06231;-0.03989;0.0101
"Histoire";-0.95317;0.74639;-0.08367;0.01036;-0.92358;1.40579;0.73329;1.03;0.11877;0.03312;0.87222;2.46535;0.14183;0.07296;0.19016;0.15953;0.35636;0.65971;0.44924;1.17438
"aujourd'hui";0.37153;0.06804;-0.14206;0.01792;-0.06541;0.00423;-0.00918;1e-04;-0.1211;0.02066;-0.09182;0.01639;-0.0644;0.00903;0.00079;0;0.22844;0.16266;0.19913;0.13844
"flux";0.96214;0.8158;0.74988;0.89283;-0.51667;0.47193;-1.12993;2.62348;0.76759;1.4841;0.23646;0.19436;0.37513;0.54749;-0.05493;0.01428;0.28198;0.44308;-0.11302;0.07974
"conduire";0.38455;0.08614;0.09101;0.00869;-0.01456;0.00025;-0.10033;0.01367;0.34516;0.19836;-0.05633;0.00729;-0.0327;0.00275;-0.03814;0.00455;-0.1552;0.08873;-0.24532;0.24832
"www";-0.45808;0.18179;0.03115;0.00151;-0.88407;1.35834;1.2717;3.26677;0.62327;0.96192;0.23849;0.19437;0.17337;0.11496;0.24151;0.27138;0.40513;0.89914;-0.09883;0.05993
"objet";-0.29759;0.02381;0.3256;0.05136;-0.232;0.02903;0.33191;0.06906;0.20426;0.03206;0.04359;0.00202;0.05105;0.00309;0.20557;0.06101;0.12647;0.02719;0.17334;0.05722
"cur";-0.08062;0.00243;0.2515;0.04256;-0.24399;0.0446;-0.47333;0.19507;-0.3582;0.13694;0.33369;0.16402;-0.00201;1e-05;-0.07804;0.01221;0.15647;0.05781;-0.28337;0.21239
"ordre";-0.51746;0.18398;-0.21249;0.05589;-0.26596;0.0975;-0.27154;0.11813;-0.42245;0.35048;-0.04494;0.00547;-0.21854;0.14487;0.06489;0.01554;-0.0047;1e-04;0.19778;0.19038
"conquête";-0.63477;0.21065;-0.31058;0.09086;-0.31634;0.10495;-0.21722;0.05751;-0.34852;0.1815;0.04255;0.00373;-0.16607;0.06365;-0.1752;0.08618;-0.18382;0.1117;0.65987;1.61238
"exprimer";-0.05312;0.00046;0.10528;0.00328;-0.11405;0.00429;0.14512;0.00807;-0.48573;0.1108;-0.23284;0.03514;0.19537;0.02769;-0.40382;0.14389;-0.12616;0.01654;0.25962;0.07844
"global";0.89154;0.65299;-0.54035;0.43216;0.4389;0.31746;0.21045;0.08484;-0.15554;0.05681;0.80011;2.07455;0.76617;2.12897;0.14511;0.0929;-0.62577;2.03422;0.12455;0.09027
"analyse";0.83372;0.39453;0.25691;0.0675;-0.00495;3e-05;0.00043;0;0.00215;1e-05;0.01129;0.00029;-0.06517;0.01064;-0.03963;0.00479;0.03664;0.00482;-0.0588;0.0139
"différence";-0.07645;0.00079;0.18551;0.00833;0.01221;4e-05;-0.12189;0.00466;-0.25973;0.02592;-0.13055;0.00904;0.55774;0.18461;-0.09505;0.00652;-0.10751;0.00982;-0.35784;0.12193
"support";-0.8669;0.50514;-0.18733;0.0425;-0.8677;1.0152;0.08104;0.01029;-0.24772;0.11789;0.10638;0.03;0.18488;0.10142;-0.45698;0.75384;-0.29118;0.36036;0.20903;0.20803
"particulièrement";0.31478;0.06068;0.33462;0.12354;0.07993;0.00785;0.58295;0.48526;-0.06356;0.00707;-0.25779;0.16053;0.03643;0.00359;0.17633;0.10226;0.16394;0.10407;-0.14331;0.08909
"régional";0.78738;0.51858;0.91518;1.26223;-0.07204;0.00871;0.40191;0.31505;-0.07687;0.01413;-0.13791;0.06275;0.05459;0.011;0.0489;0.01074;0.0432;0.00987;-0.01072;0.00068
"évidence";0.77691;0.32457;-0.38636;0.14462;0.10294;0.01143;-0.03182;0.00127;0.0016;0;0.1226;0.03188;0.14278;0.0484;-0.05956;0.01024;0.07049;0.0169;-0.09663;0.03557
"empire";-0.65993;0.37079;-0.11433;0.02005;0.04531;0.00351;-0.53349;0.56501;-0.94857;2.1896;0.43246;0.6281;-0.60824;1.39052;0.93057;3.95949;0.18142;0.17719;-0.75726;3.45816
"expliquer";-0.19585;0.0126;-0.29414;0.05122;0.08756;0.00505;0.17452;0.02334;-0.06572;0.00406;0.61118;0.4842;0.30211;0.13241;0.58999;0.6143;0.07307;0.01109;-0.17653;0.07253
"pauvre";1.05951;0.98928;-0.89612;1.27504;-0.35388;0.2214;0.00365;3e-05;0.63125;1.00371;-0.56312;1.10234;-0.57784;1.29905;0.05282;0.0132;0.08879;0.04394;-0.11361;0.08057
"vivre";-0.14615;0.00734;0.23518;0.03423;-0.10909;0.0082;-0.16748;0.02247;-0.20019;0.03935;0.21954;0.06531;-0.55095;0.46037;-0.50065;0.46244;-0.12494;0.03391;0.57686;0.80975
"suffrage";-0.96491;0.22251;-0.0357;0.00055;1.50705;1.08887;-0.27984;0.04364;0.5789;0.22892;-0.75632;0.53925;0.35129;0.13019;0.30923;0.12273;0.31025;0.14546;0.61664;0.64368
"loin";-0.13558;0.01373;-0.1992;0.05339;-0.76361;0.87361;0.32552;0.18453;0.26541;0.15037;-0.05768;0.0098;-0.10402;0.03568;0.04812;0.00929;-0.03097;0.00453;0.05536;0.01621
"engager";-0.29669;0.01709;-0.04754;0.00079;-0.49451;0.09526;0.31408;0.04466;-0.02723;0.00041;-0.15713;0.01891;0.53162;0.24227;-0.30709;0.09834;-0.07963;0.00779;-0.76499;0.80489
"intérêt";-0.4515;0.07917;-0.1243;0.01081;-0.14916;0.01733;0.0579;0.00304;0.01765;0.00035;0.00253;1e-05;0.41455;0.29464;-0.31926;0.21258;-0.20938;0.10765;-0.19613;0.10582
"mobilité";0.94424;0.74577;1.24666;2.34217;-0.03905;0.00256;-0.44655;0.38891;-0.10786;0.02781;0.07539;0.01876;0.13458;0.06689;-0.62798;1.77149;0.59084;1.84642;0.02163;0.00277
"aménagement";0.7357;0.45274;1.47096;3.2608;0.12782;0.02742;1.09164;2.32419;-0.58169;0.80896;-0.50295;0.83463;-0.2453;0.2222;-0.0034;5e-05;-0.47568;1.19681;0.16281;0.15706
"niveau";0.93814;0.51269;-0.7816;0.64117;0.05844;0.00399;0.09343;0.01186;0.31298;0.1631;-0.1968;0.089;-0.03701;0.00352;0.01582;0.00078;0.01068;0.00042;-0.0218;0.00196
"stéréotype";-1.23462;0.02277;0.07299;0.00014;-1.14413;0.03922;2.40648;0.20169;1.86035;0.14776;2.81913;0.46827;0.59066;0.02301;1.16404;0.10869;1.72222;0.28014;1.26026;0.16804
"essentiel";0.55768;0.14865;-0.73574;0.46616;-0.26963;0.06971;0.10447;0.01216;0.07095;0.00688;-0.28609;0.15432;-0.58659;0.72607;-0.15434;0.06114;0.09753;0.02875;0.11427;0.0442
"documentation";-0.21941;0.04027;0.10118;0.01543;-0.90969;1.38862;0.46742;0.42612;0.53475;0.68367;0.28004;0.25875;-0.04939;0.00901;0.38301;0.65898;-0.0041;9e-05;0.31821;0.59994
"Louis";-0.85187;0.60701;-0.22076;0.07345;-0.4477;0.33633;-0.21244;0.08802;-0.70786;1.19793;0.15556;0.07984;-0.0428;0.00677;0.14255;0.09128;-0.02619;0.00363;-0.45586;1.2312
"justice";-0.06157;0.00051;0.24879;0.01499;-0.15629;0.00659;-0.13821;0.00599;-0.47966;0.0884;-0.04466;0.00106;0.01854;2e-04;-0.34164;0.08426;0.39213;0.13071;-0.74183;0.524
"mener";0.1579;0.00596;-0.02874;0.00036;0.58946;0.16658;0.01334;1e-04;0.06337;0.00274;0.39791;0.14926;0.45073;0.21434;0.33595;0.14486;-0.12126;0.02222;0.33772;0.19307
"dignité";-0.55139;0.00454;-0.05713;9e-05;0.30461;0.00278;-0.71456;0.01778;-1.44959;0.08971;0.69941;0.02882;-0.9299;0.05702;1.79234;0.2577;0.50142;0.02375;-1.85907;0.36566
"mobiliser";0.81846;0.23014;0.31624;0.0619;0.15775;0.01715;-0.10324;0.00854;-0.06094;0.00365;0.22398;0.06799;0.27912;0.11816;-0.07307;0.00985;-0.25578;0.14213;-0.06754;0.0111
"système";-0.03782;0.001;-0.27254;0.09395;-0.10959;0.01691;0.09571;0.01499;-0.00934;0.00017;-0.13848;0.05311;-0.11466;0.04075;-0.07498;0.02119;0.04042;0.00725;0.28793;0.41224
"changement";0.96865;0.70074;-0.66994;0.60392;0.75925;0.86367;0.43851;0.33485;-0.57804;0.71326;0.76613;1.72916;1.18094;4.5981;0.14437;0.0836;-0.57879;1.58204;0.04065;0.00874
"individu";-0.58192;0.08093;0.01139;6e-05;0.09344;0.00419;-0.04268;0.00102;-0.02094;3e-04;0.19537;0.03598;-0.3446;0.12529;-0.60123;0.46395;-0.24835;0.0932;-0.09032;0.01381
"parmi";0.01142;8e-05;0.14603;0.02468;-0.26612;0.09125;-0.09598;0.0138;0.11707;0.02516;-0.10151;0.02611;-0.07596;0.01636;-0.1129;0.04397;-0.0166;0.00112;0.20178;0.18524
"nombre";0.71264;0.2655;-0.55536;0.29051;-0.04442;0.00207;0.04455;0.00242;0.17007;0.04322;-0.17538;0.06343;-0.11371;0.02984;-0.11707;0.03848;0.07437;0.01828;-0.09823;0.03573
"santé";1.14254;0.77993;-1.2827;1.7711;-0.02087;0.00052;0.59479;0.49284;0.16465;0.04629;-0.65451;1.00961;-0.76587;1.54711;-0.23531;0.17767;0.33105;0.41404;-0.07726;0.02526
"respecter";0.47311;0.01337;0.00947;1e-05;-0.4863;0.02834;-0.40974;0.02339;0.41475;0.02938;-0.19011;0.00852;0.15195;0.00609;-0.45334;0.06594;0.30908;0.03609;-0.34328;0.04987
"%";0.22128;0.03949;-0.37962;0.20942;-0.60291;0.58816;-0.28967;0.15781;0.25172;0.14608;-0.24216;0.18658;-0.13078;0.0609;-0.05972;0.01545;-0.16632;0.14109;0.04331;0.01072
"inviter";0.12788;0.00537;0.25449;0.03835;-0.32583;0.06999;-0.3647;0.10191;0.33155;0.10325;-0.1445;0.02707;0.33038;0.15835;-0.13936;0.03427;-0.40912;0.34779;-0.12935;0.03894
"civique";0.58734;0.09275;0.7364;0.26269;0.00025;0;0.53814;0.18154;-0.11739;0.01059;-0.02972;0.00094;-0.02661;0.00084;-0.21355;0.06585;0.14229;0.03442;-0.00926;0.00016
"avant";-0.48038;0.07583;0.13514;0.01081;0.20451;0.02757;-0.32916;0.08301;0.03084;0.00089;-0.06099;0.00482;0.08601;0.01073;0.43649;0.33623;0.11851;0.02918;0.01291;0.00039
"connaissance";0.00585;1e-05;-0.22308;0.02411;0.06133;0.00203;0.26165;0.04292;0.60338;0.27977;-0.01065;0.00012;0.09349;0.01037;0.46536;0.31269;0.26622;0.12049;0.55558;0.58782
"maritime";0.29737;0.07133;0.55474;0.4472;0.11398;0.02102;-0.39557;0.29428;0.00536;7e-05;-0.17969;0.10273;0.20606;0.15119;-0.43811;0.83144;0.65635;2.19715;0.06417;0.02353
"XIXe";-0.90126;0.42464;-0.17246;0.02802;0.58738;0.36184;-0.16663;0.03385;0.1443;0.03111;-0.97318;1.95308;0.84162;1.63474;0.05157;0.00747;0.35066;0.40648;0.21626;0.17318
"mesure";0.23485;0.01977;-0.66196;0.28302;0.06809;0.00333;0.05187;0.00225;0.34733;0.12361;-0.42056;0.25011;-0.09442;0.01411;-0.09736;0.01825;-0.02468;0.00138;-0.00022;0
"la";-0.66184;0.14394;-0.04665;0.00129;-0.34246;0.07731;-0.26075;0.05209;-0.40966;0.15763;-0.24584;0.07834;0.20526;0.06112;-0.1292;0.02946;-0.03557;0.00263;0.43547;0.44139
"utiliser";0.13808;0.0074;-0.39506;0.1092;0.12882;0.01293;0.02211;0.00044;0.05802;0.00374;0.11773;0.02123;0.1401;0.03365;-0.02443;0.00124;0.10224;0.02567;0.18966;0.09894
"nécessaire";0.42276;0.04538;-0.21439;0.02103;0.28027;0.04001;0.28257;0.04727;-0.39925;0.11569;-0.17798;0.03173;0.26544;0.07899;0.10499;0.01503;-0.31932;0.16372;0.12027;0.02602
"domaine";0.1546;0.01142;0.50466;0.21932;-0.27956;0.07494;0.06449;0.00463;-0.29615;0.11982;-0.1782;0.05987;-0.01433;0.00043;0.09637;0.02384;-0.4972;0.74716;0.13612;0.06273
"union";0.38702;0.10739;1.73107;3.87087;0.34549;0.17168;1.26666;2.68217;-0.39677;0.32261;-0.57335;0.9297;-0.61943;1.21444;-0.02507;0.00242;-0.75915;2.61272;0.18505;0.1739
"école";0.00497;1e-05;-0.75036;0.24244;0.33259;0.05303;-0.03772;0.00079;0.0249;0.00042;-0.93119;0.81743;-0.24042;0.06099;0.36836;0.17415;0.61974;0.58042;0.49205;0.40986
"colonial";-0.97907;0.73022;-0.20561;0.05802;0.5382;0.44265;-0.11381;0.02301;0.10838;0.02557;-0.92191;2.55394;0.92144;2.85532;0.01436;0.00084;0.20065;0.19394;0.14264;0.10978
"échange";-0.0997;0.00668;0.25435;0.07834;-0.22402;0.06767;-0.42883;0.28821;-0.23954;0.11024;-0.0645;0.01103;0.11204;0.03725;-0.03105;0.00348;0.2231;0.21155;-0.2066;0.20322
"aspect";-0.21124;0.02733;0.34771;0.1334;0.03747;0.00172;0.38644;0.21324;0.10451;0.01912;0.0222;0.00119;-0.19784;0.10582;0.31934;0.33539;0.08922;0.03083;-0.05739;0.01429
"marquer";-0.18846;0.02705;-0.1715;0.04037;0.23624;0.08528;-0.20779;0.07669;-0.03672;0.00294;0.1651;0.08191;-0.00488;8e-05;0.35747;0.52279;0.16138;0.12545;-0.22625;0.27622
"affaire";-0.15504;0.0079;0.34711;0.07133;-0.05562;0.00204;-0.43453;0.14467;0.29566;0.08211;-0.38513;0.19226;0.43991;0.28074;0.05084;0.00456;-0.17944;0.0669;-0.14139;0.04653
"élément";0.41087;0.06052;0.16574;0.01774;-0.44563;0.14281;-0.37629;0.11835;0.46571;0.22222;0.01622;0.00037;0.06846;0.00742;0.36462;0.25595;-0.47916;0.52043;0.26018;0.17189
"souvent";0.24576;0.03609;-0.05378;0.00311;0.00819;8e-05;-0.22815;0.07251;-0.08923;0.0136;-0.12716;0.03811;-0.0211;0.00117;0.13926;0.06223;0.07033;0.01868;-0.0801;0.02715
"territorial";0.56141;0.22126;0.71295;0.64292;-0.00965;0.00013;0.5103;0.42626;-0.50551;0.51275;0.0518;0.00743;0.09914;0.03046;-0.07675;0.02221;-0.09462;0.03974;0.09336;0.04334
"chaque";-0.05401;0.00087;-0.0769;0.00318;-0.2098;0.02638;-0.11957;0.00996;-0.04134;0.00146;-0.02293;0.00062;-0.2469;0.0804;-0.52604;0.44396;0.13557;0.03472;-0.1008;0.0215
"exercice";-0.76975;0.07965;0.18031;0.00787;0.23532;0.01493;0.25951;0.02111;0.00576;1e-05;0.07468;0.00296;-0.28487;0.04816;0.3034;0.06646;0.00954;8e-05;-0.43883;0.18337
"antisémitisme";-0.70338;0.00739;-0.31939;0.00275;-1.13514;0.03861;-0.47952;0.00801;-1.08982;0.05071;0.56392;0.01874;-0.84434;0.04701;-0.09881;0.00078;-0.25926;0.00635;1.9167;0.38868
"concret";0.00909;5e-05;0.17726;0.03129;-0.07426;0.00611;0.10041;0.01299;-0.41944;0.2779;0.10941;0.0261;-0.16354;0.06525;0.0989;0.02903;-0.08905;0.02771;0.49751;0.96892
"puis";-0.78506;0.25777;-0.18374;0.02544;-0.38084;0.12169;0.01345;0.00018;-0.42555;0.21647;0.06462;0.00689;0.18595;0.06384;-0.20748;0.09669;-0.1773;0.08314;0.00795;0.00019
"nation";-0.19768;0.01868;-0.36181;0.11273;-0.09135;0.008;-0.03589;0.00144;0.23504;0.07547;-0.5263;0.52225;0.05393;0.00614;-0.14269;0.05226;-0.07697;0.01791;-0.34879;0.41187
"individuel";0.00942;2e-05;-0.15644;0.00988;0.20247;0.01843;0.09472;0.00469;-0.27752;0.04932;-0.40529;0.14517;0.32097;0.1019;0.12834;0.01982;-0.16339;0.03782;0.10229;0.0166
"conscience";0.12957;0.00301;-0.22848;0.01686;-0.0416;0.00062;-0.32084;0.04302;0.06102;0.00191;0.06714;0.00319;-0.10584;0.00886;0.06917;0.0046;-0.01044;0.00012;0.13137;0.02191
"importance";0.41533;0.06441;-0.22881;0.03522;0.32059;0.07699;-0.07666;0.00512;-0.39944;0.17029;0.11352;0.01898;0.25412;0.10646;0.49691;0.49519;-0.11669;0.03215;-0.1461;0.05646
"savoir";-0.27966;0.02453;-0.45071;0.1148;-0.20394;0.02617;0.26827;0.05263;0.13159;0.01552;0.13007;0.02093;-0.28718;0.1142;-0.18557;0.05801;0.3033;0.18245;-0.39822;0.35234
"dossier";-0.07433;0.00206;0.09565;0.00615;-0.86745;0.56368;0.54899;0.26242;0.76767;0.629;-0.02638;0.00102;0.18775;0.05811;0.32374;0.21019;-0.04309;0.00438;-0.21774;0.1254
"roi";-0.76339;0.42653;-0.21045;0.0584;-0.42197;0.26144;-0.38541;0.2535;-0.94949;1.88597;0.30605;0.27043;-0.36484;0.43008;0.40188;0.63482;0.01106;0.00057;-0.32996;0.56441
"historique";-0.4439;0.11479;0.01155;0.00014;-0.1672;0.03267;0.19261;0.05039;-0.07062;0.0083;0.00239;1e-05;0.3011;0.23315;-0.41485;0.5384;-0.13963;0.07182;-0.20432;0.17226
"ensuite";-0.54628;0.08915;-0.12815;0.00884;0.35066;0.07369;-0.4297;0.12861;-0.25187;0.05417;-0.22225;0.05821;0.22236;0.06521;0.66215;0.7034;0.11114;0.02333;-0.07713;0.01259
"traite";-0.97024;0.70305;-0.22671;0.06916;0.20203;0.06115;-0.21536;0.08076;-0.15392;0.05057;-0.82666;2.01317;0.71322;1.67714;0.09067;0.03297;0.22278;0.23438;0.52722;1.47041
"traiter";0.05486;0.00148;0.77423;0.53234;-0.08218;0.00668;0.72689;0.60727;0.091;0.01167;-0.22127;0.0952;-0.18831;0.07717;0.43285;0.49596;0.35164;0.3854;-0.25397;0.22519
"critique";-0.17989;0.00677;-0.08878;0.00297;0.04508;0.00085;-0.30006;0.0439;0.57532;0.19783;-0.31826;0.08355;0.17808;0.02928;-0.22104;0.05487;-0.10368;0.01421;-0.18457;0.05046
"responsabilité";0.43398;0.01407;-0.48579;0.03175;-0.13;0.00253;-0.01029;2e-05;-0.30208;0.01948;0.57733;0.09819;0.79684;0.20934;0.05927;0.00141;-0.75824;0.27151;0.2505;0.03319
"participer";-0.26165;0.01227;-0.07561;0.00185;0.48279;0.08381;-0.17873;0.01335;-0.181;0.01678;-0.80866;0.46236;0.20572;0.03349;0.30263;0.08816;0.56199;0.35796;0.40527;0.20853
"États-Unis";0.56992;0.24258;0.38924;0.20387;0.06414;0.00616;-0.77935;1.0577;0.83164;1.47639;0.26051;0.19993;0.20382;0.13696;0.03836;0.0059;-0.13941;0.09178;-0.0164;0.00142
"dernier";-0.20484;0.02131;-0.12047;0.01328;0.12938;0.01705;-0.30884;0.11294;-0.04658;0.00315;-0.19854;0.07897;0.02393;0.00128;0.36845;0.37026;0.02536;0.00207;-0.49143;0.86872
"source";-0.25549;0.03705;-0.28763;0.0846;-0.33188;0.12541;-0.30657;0.12439;-0.27962;0.12685;0.09835;0.02166;-0.29434;0.21709;0.26837;0.21955;0.05915;0.01256;0.45802;0.84341
"industriel";-0.31215;0.07131;-0.16301;0.03504;0.54835;0.44148;0.13938;0.03315;-0.02629;0.00145;-0.60679;1.06301;0.77391;1.93521;0.10402;0.04253;0.06006;0.0167;0.18085;0.16956
"technologique";0.19871;0.01769;-0.20225;0.03302;0.5943;0.31749;0.17514;0.03205;-0.14134;0.02559;0.43815;0.33934;0.32772;0.21247;0.4307;0.44641;-0.06898;0.01348;-0.05744;0.01047
"accès";1.16518;0.70977;-1.15551;1.25762;0.21986;0.0507;0.63825;0.49656;-0.10936;0.01787;-0.19243;0.07636;-0.14544;0.04882;-0.15405;0.06663;-0.01394;0.00064;-0.03122;0.00361
"prise";-0.15107;0.0075;-0.2803;0.04651;-0.21503;0.03048;-0.37542;0.10799;-0.09329;0.00817;-0.0516;0.00345;-0.32052;0.14903;0.41457;0.30331;-0.05477;0.00623;-0.50557;0.59494
"établissement";0.21325;0.0034;1.46009;0.28686;-0.59611;0.05324;1.51824;0.4014;0.23506;0.01179;-0.3763;0.04172;-0.30511;0.03069;1.36175;0.74376;-0.01158;6e-05;-0.719;0.27347
"numérique";0.23775;0.00844;0.42374;0.04832;0.61471;0.11322;0.33138;0.03825;0.1277;0.00696;0.27923;0.04594;0.11174;0.00823;0.28895;0.06697;-0.13151;0.01634;-0.146;0.02255
"évoquer";0.03093;0.00047;0.20094;0.03586;0.4748;0.22292;0.03763;0.00163;-0.03548;0.00177;-0.03709;0.00268;-0.28693;0.17915;0.22512;0.13416;-0.12984;0.05254;-0.03267;0.00373
"photographique";-0.1472;0.01521;0.07882;0.00786;-0.9316;1.22227;0.43333;0.30737;0.56267;0.63527;0.1622;0.07285;0.01307;0.00053;0.36802;0.51064;-0.03367;0.00503;0.18974;0.17902
"peuple";-0.99688;0.17813;-0.16819;0.00913;0.05924;0.00126;0.07549;0.00238;0.06056;0.00188;-0.17478;0.0216;0.46471;0.17088;-0.01646;0.00026;0.14665;0.02438;-0.01905;0.00046
"enfin";-0.60978;0.08331;0.11337;0.00519;-0.00342;1e-05;-0.04845;0.00123;0.28038;0.05034;0.21597;0.04122;-0.07841;0.00608;-0.1073;0.01385;-0.32794;0.15236;0.02323;0.00086
"mouvement";-0.25073;0.03568;0.12958;0.01717;-0.13207;0.01986;-0.04188;0.00232;0.39245;0.24987;-0.069;0.01066;0.15258;0.05834;0.2482;0.18779;0.16263;0.09493;-0.23872;0.22912
"environnement";0.96012;0.45438;-0.33108;0.09735;-0.01591;0.00025;0.25701;0.07591;-0.0279;0.0011;-0.30962;0.18639;-0.32312;0.2272;0.0066;0.00012;-0.19352;0.11673;0.03349;0.00391
"lors";-0.61768;0.10258;0.12774;0.0079;-0.18552;0.01856;-0.08541;0.00457;-0.51883;0.20686;-0.05948;0.00375;0.01515;0.00027;-0.239;0.08248;-0.13033;0.02888;-0.27203;0.14092
"professionnel";0.2921;0.02421;0.45593;0.10629;0.73239;0.30538;-0.22554;0.03366;-0.1731;0.0243;0.30608;0.10488;0.24725;0.07659;-0.33386;0.16988;0.45428;0.37034;0.18734;0.07055
"moral";0.07649;0.00149;0.50162;0.11512;0.22353;0.02545;0.1815;0.0195;-0.17454;0.02211;0.3897;0.15211;0.25797;0.0746;-0.54899;0.41099;0.13228;0.0281;-0.21874;0.08606
"penser";0.05639;0.00085;-0.22545;0.02462;-0.55404;0.16556;-0.14955;0.01402;-0.06295;0.00305;-0.01047;0.00012;0.18056;0.0387;-0.12543;0.02271;-0.53722;0.49066;0.16822;0.05389
"après";-0.82611;0.30581;-0.12275;0.01216;0.27435;0.06766;-0.10324;0.01114;0.13413;0.02304;0.05922;0.0062;-0.10199;0.02058;-0.48462;0.56517;-0.18594;0.09797;-0.16052;0.08178
"commun";0.14021;0.0047;-0.0233;0.00023;-0.31942;0.04892;0.11715;0.00765;-0.27042;0.04995;-0.26709;0.06725;-0.11056;0.0129;-0.14595;0.02734;-0.41562;0.26104;-0.06031;0.00616
"début";-0.60073;0.17249;-0.03348;0.00097;0.0696;0.00465;-0.42181;0.19829;-0.34627;0.16381;0.0327;0.00202;0.01474;0.00046;0.66182;1.12433;0.23124;0.16161;-0.40268;0.54899
"cycle";0.21886;0.02647;0.11793;0.01385;0.72128;0.57678;-0.10624;0.01454;-0.27291;0.11765;0.3723;0.30217;0.0738;0.01329;-0.04223;0.00529;0.20675;0.14938;-0.14161;0.07851
"exercer";0.07009;0.00103;0.42085;0.06673;0.43778;0.0804;-0.34399;0.05769;0.13137;0.01031;0.2425;0.04851;-0.2568;0.06088;0.20418;0.04682;-0.36969;0.18072;-0.02749;0.00112
"repère";0.33603;0.07084;0.72546;0.59485;0.49833;0.31253;0.04939;0.00357;-0.29885;0.16015;0.20674;0.10577;0.12026;0.04006;-0.108;0.03929;0.30947;0.37992;-0.06895;0.02113
"EMC";-0.96264;0.06921;0.13655;0.00251;1.91785;0.55107;-0.12114;0.00256;1.228;0.3219;0.48299;0.06873;-0.85937;0.24349;-0.53535;0.11495;-0.44111;0.09189;0.11202;0.00664
"phénomène";0.23515;0.03717;0.20901;0.0529;0.11878;0.01902;-0.23166;0.08411;0.21156;0.08599;-0.06205;0.01021;0.24186;0.17358;-0.05338;0.01028;0.49197;1.02871;-0.01658;0.00131
"transformation";0.0019;0;0.181;0.03703;0.25036;0.07889;-0.04969;0.00361;-0.00279;1e-05;0.35902;0.31896;0.15885;0.06989;0.31246;0.32894;0.34253;0.46542;-0.16417;0.11976
"lumière";-0.97713;0.59897;-0.23827;0.06417;0.37677;0.17865;-0.11586;0.01963;0.05216;0.00488;-0.98023;2.37777;0.89;2.19374;-0.00452;7e-05;0.23344;0.21617;0.14941;0.0992
"science";0.12111;0.00613;-0.04944;0.00184;-0.18168;0.02769;-0.16328;0.026;0.1226;0.01797;0.56061;0.51849;0.48933;0.4421;0.5217;0.61131;-0.04465;0.00527;-0.01215;0.00044
"limiter";0.14121;0.01072;0.05519;0.00295;-0.143;0.02206;0.05866;0.00431;-0.26686;0.10945;0.17277;0.06331;0.10721;0.02728;-0.32255;0.30045;-0.06341;0.01367;0.28249;0.30395
"confronter";-0.1403;0.00617;-0.05091;0.00146;0.14368;0.01299;-0.19454;0.02768;0.10073;0.0091;0.13639;0.02302;0.08672;0.01041;0.44361;0.3315;-0.18965;0.07134;0.05381;0.00643
"compte";-0.0019;0;-0.28303;0.05389;-0.01037;8e-05;-0.04339;0.00164;0.27936;0.08329;-0.11179;0.01841;-0.25831;0.11;-0.34743;0.24207;-0.19321;0.08815;0.03125;0.00258
"inscrire";-0.37815;0.07048;-0.08979;0.00716;0.11799;0.01377;-0.09714;0.01085;-0.02673;0.00101;-0.03146;0.00192;0.07829;0.01334;0.0059;9e-05;0.02735;0.00233;0.02763;0.00267
"fonctionnement";-0.30077;0.01081;-0.13672;0.00402;0.02274;0.00012;-0.38893;0.04215;-0.34454;0.04054;0.1845;0.01604;-0.54189;0.15491;-0.01186;9e-05;0.33605;0.08533;0.57239;0.2773
"lycée";0.1184;0.00419;0.41843;0.09423;0.9654;0.55853;-0.099;0.00683;-0.1441;0.01773;0.14919;0.02623;0.13904;0.0255;-0.08975;0.01292;0.19953;0.0752;0.07956;0.01339
"reposer";0.40857;0.02743;0.55771;0.09207;0.3316;0.03624;0.08264;0.00262;-0.70033;0.23033;0.38755;0.09734;-0.11566;0.0097;-0.24124;0.05135;-0.16601;0.02863;0.29491;0.10122
"environ";-0.10651;0.00661;-0.4073;0.17411;-0.58257;0.39661;-0.23195;0.07308;0.15797;0.04155;-0.36883;0.31259;-0.02065;0.0011;-0.10817;0.0366;-0.19676;0.14261;0.15677;0.10141
"XVIIIe";-1.05749;0.63474;-0.25345;0.06569;-0.14896;0.02527;-0.00174;0;-0.10677;0.01849;-0.7051;1.11312;0.89531;2.00856;-0.40297;0.49498;-0.05176;0.00961;-0.36042;0.52227
"envisager";0.52719;0.12869;-0.17376;0.02519;0.0127;0.00015;0.5026;0.27273;-0.14;0.02594;0.4344;0.34467;0.8077;1.33357;0.0085;0.00018;-0.21357;0.13356;-0.25782;0.21801
"offrir";-0.12648;0.00836;-0.27677;0.07215;0.22039;0.05094;0.03905;0.00186;0.21086;0.06643;-0.0497;0.00509;-0.05972;0.00823;0.14936;0.06263;0.12897;0.05499;-0.09397;0.0327
"seul";-0.57566;0.13364;0.20447;0.03038;-0.02897;0.00068;0.04606;0.002;0.02257;0.00059;-0.08522;0.01155;0.08091;0.01166;0.01621;0.00057;-0.0578;0.00852;0.07794;0.01735
"cause";-0.437;0.07131;-0.12166;0.00996;-0.26108;0.05106;0.01883;0.00031;-0.05476;0.0032;-0.15167;0.03389;0.18243;0.05487;-0.31974;0.20502;0.11239;0.02982;-0.26466;0.18527
"sujet";-0.82347;0.27348;-0.15202;0.01679;0.06993;0.00396;-0.01283;0.00015;0.21402;0.0528;0.24464;0.09521;-0.16698;0.04964;-0.41165;0.36702;-0.28989;0.2143;-0.17242;0.08493
"religion";-0.29561;0.04829;0.00615;4e-05;-0.33314;0.12304;-0.75077;0.72633;-0.50976;0.41048;0.33129;0.23926;-0.39911;0.38864;0.98472;2.87801;-0.1058;0.03912;-0.55804;1.21904
"jusque";-0.62796;0.20615;-0.24367;0.05592;-0.23071;0.05582;-0.09568;0.01116;0.01807;0.00049;-0.09187;0.0174;0.09887;0.02256;-0.13028;0.04765;-0.13225;0.05781;-0.28033;0.29101
"inégal";0.90857;0.53021;-0.51803;0.31054;0.15528;0.03107;0.29328;0.12881;-0.11769;0.02543;0.21696;0.11926;0.4894;0.67913;-0.1006;0.03491;-0.06461;0.01696;-0.03104;0.00438
"public";-0.272;0.02321;0.09571;0.00518;-0.20975;0.02768;0.34345;0.08627;-0.20179;0.03651;0.02535;8e-04;0.44186;0.27036;-0.67336;0.7638;-0.19835;0.07804;-0.2596;0.14973
"militaire";-0.74555;0.36532;0.04172;0.00206;0.04564;0.00275;0.00134;0;-0.11893;0.02657;0.32695;0.27712;-0.27169;0.21417;0.00528;1e-04;-0.14037;0.08188;0.04192;0.00818
"représentatif";-0.54763;0.01792;0.06653;0.00048;0.44358;0.02358;-0.4146;0.02395;0.76535;0.10003;-0.28885;0.01966;0.26391;0.01837;0.01086;4e-05;-0.35789;0.04839;-0.01068;5e-05
"républicain";-0.81546;0.13906;0.08665;0.00283;1.33249;0.74483;-0.25944;0.03282;0.28351;0.04804;-0.88589;0.64737;0.34266;0.1084;0.45713;0.23468;0.33066;0.14457;0.88255;1.15369
"cependant";0.1594;0.01518;-0.1287;0.01783;0.35183;0.14837;-0.34185;0.1628;0.46813;0.37423;-0.28247;0.18805;-0.19099;0.09621;0.17671;0.1002;0.10461;0.04135;0.16636;0.11712
"réalité";-0.065;0.00158;0.32993;0.07324;-0.00204;0;-0.07621;0.00506;0.28833;0.08873;-0.01487;0.00033;-0.10071;0.01672;0.06025;0.00728;0.11375;0.03055;0.19859;0.10432
"considérer";0.31971;0.01832;-0.09638;0.003;0.54263;0.10588;-0.00141;0;0.09577;0.0047;0.41234;0.12021;-0.36698;0.10656;-0.16668;0.02674;-0.24333;0.06711;-0.00795;8e-05
"chercher";0.176;0.01249;0.25227;0.04624;0.68594;0.38066;-0.1726;0.02801;-0.23374;0.06298;0.08637;0.01187;0.21556;0.08273;0.08241;0.01471;0.2582;0.17002;-0.07398;0.01563
"écrire";-0.55506;0.05062;-0.48314;0.0691;-0.54177;0.09675;-0.0013;0;-0.23601;0.02616;-0.03244;0.00068;-0.30194;0.06613;-0.56355;0.28024;-0.21443;0.04777;0.30151;0.1058
"commerce";-0.70215;0.32402;-0.09229;0.01009;0.21485;0.06086;-0.43069;0.28425;-0.11818;0.02623;-0.67085;1.16671;0.52482;0.79915;0.31269;0.34509;0.31832;0.4211;0.72992;2.48024
"besoin";0.99987;0.56745;-1.07133;1.17372;0.16597;0.03137;0.49894;0.32946;-0.23355;0.08849;0.09013;0.01819;0.11173;0.03128;-0.09268;0.02619;-0.1867;0.12511;0.11401;0.05226
"paysage";0.69714;0.30489;0.47199;0.2518;0.02336;0.00069;-0.31056;0.14108;-0.15135;0.04107;0.22611;0.12652;0.20329;0.11445;-0.44116;0.6557;0.43047;0.73508;0.06339;0.01786
"fonder";-0.56733;0.125;-0.03433;0.00082;-0.15841;0.01955;-0.18674;0.03158;-0.28859;0.09245;-0.27641;0.11704;0.07584;0.00986;0.02746;0.00157;-0.16766;0.06903;0.05016;0.00692
"divers";-0.29222;0.03571;0.00611;3e-05;0.438;0.16096;-0.28405;0.07868;0.33166;0.13149;0.04438;0.00325;-0.20885;0.08054;-0.01373;0.00042;-0.21812;0.12582;0.09165;0.02488
"récit";-0.68023;0.2419;-0.18664;0.03281;-0.31884;0.10662;0.05597;0.00382;-0.44782;0.29965;0.35541;0.26049;0.05368;0.00665;0.33011;0.30596;0.148;0.0724;0.55822;1.15388
"personnel";-0.1358;0.00275;-0.09543;0.00245;-0.28627;0.02456;0.00377;0;-0.2534;0.02741;-0.02936;0.00051;-0.44638;0.13139;-0.57085;0.2614;-0.01702;0.00027;0.36365;0.13991
"fonction";-0.03566;3e-04;0.09317;0.00374;-0.62185;0.18539;-0.20138;0.0226;-0.51013;0.17776;0.0395;0.00147;-0.39149;0.16171;-0.37065;0.17633;-0.03232;0.00158;0.72893;0.89945
"concerner";0.09093;0.00284;0.04757;0.0014;0.1838;0.02328;-0.14129;0.01599;-0.17244;0.0292;0.21772;0.06424;-0.53863;0.44001;-0.38114;0.26802;0.20515;0.09143;0.43589;0.46234
"handicap";0.85621;0.01095;0.49806;0.00668;-0.97498;0.02848;-1.38596;0.0669;1.51289;0.09772;-0.06674;0.00026;0.33311;0.00732;0.97592;0.0764;-1.13615;0.12192;-0.07721;0.00063
"tension";-0.40325;0.06558;0.00237;0;0.05182;0.00217;0.01359;0.00017;-0.01809;0.00038;-0.0529;0.00445;0.10512;0.01967;-0.51024;0.56388;-0.19018;0.09224;-0.42867;0.52493
"Paris";-0.71346;0.25851;0.28986;0.07688;-0.66211;0.44663;0.83083;0.81739;0.38324;0.21319;-0.18253;0.06675;0.53806;0.64907;-0.03166;0.00273;-0.06569;0.01386;-0.43366;0.67648
"abord";-0.62516;0.1401;-0.21668;0.03032;-0.65927;0.31257;-0.27508;0.06325;-0.58043;0.34519;0.12833;0.02329;-0.09954;0.01568;-0.16493;0.05237;-0.09929;0.02235;-0.05307;0.00715
"centre";0.323;0.03584;0.70444;0.30715;-0.31423;0.06805;-0.48534;0.18869;0.59557;0.3483;0.37092;0.18644;0.25752;0.10058;-0.19442;0.06974;0.42665;0.39543;-0.29497;0.21172
"eux";-0.21779;0.01913;-0.00893;6e-05;-0.40347;0.1317;0.12956;0.01578;-0.01687;0.00033;-0.37936;0.22894;0.02528;0.00114;0.12135;0.03189;0.05557;0.00788;-0.07635;0.01665
"alimentaire";1.07654;0.72706;-1.28498;1.86628;0.04901;0.00302;0.46456;0.31569;0.0291;0.00152;-0.3089;0.23612;-0.47633;0.62837;-0.05082;0.0087;0.20905;0.17335;-0.10727;0.05113
"trouver";-0.61603;0.1247;-0.3221;0.06142;-0.45928;0.13905;-0.13786;0.01456;-0.68512;0.44087;0.33827;0.14833;-0.19868;0.05726;0.22806;0.09178;0.02329;0.00113;0.16486;0.06326
"agricole";0.94068;0.54191;-0.77832;0.66841;0.20786;0.05308;0.48482;0.33564;-0.16538;0.04788;-0.10287;0.02556;-0.13104;0.04642;-0.15064;0.07464;-0.09665;0.03617;-0.02904;0.00366
"mieux";0.22298;0.01262;-0.16115;0.01188;0.07404;0.00279;-0.06613;0.00259;-0.29998;0.06531;0.21094;0.04457;0.11355;0.01445;-0.15087;0.03104;-0.03545;0.00202;0.19237;0.06656
"prévention";1.38195;0.62757;-1.29596;0.99436;0.56332;0.20919;0.69232;0.36725;-0.36525;0.1253;0.44512;0.25682;0.57723;0.48336;0.01939;0.00066;-0.32341;0.21733;0.05289;0.00651
"processus";0.00166;0;0.45058;0.1803;-0.56759;0.31856;-0.2132;0.05224;0.50539;0.35985;0.21114;0.08668;0.24183;0.12726;0.16127;0.06885;-0.08419;0.02209;0.03511;0.0043
"entreprise";0.40685;0.0989;0.27948;0.08408;-0.5529;0.3664;-0.9204;1.18014;0.95526;1.55832;-0.33599;0.26605;0.37159;0.3642;0.60042;1.15672;-0.61573;1.4323;0.04477;0.00848
"riche";0.5867;0.19538;-0.61007;0.38061;-0.2288;0.05961;-0.07676;0.0078;0.21871;0.0776;-0.17638;0.06966;-0.22816;0.13045;-0.03284;0.00329;0.0028;3e-05;0.04015;0.00648
"acquérir";-0.05323;0.00034;0.42032;0.03804;-0.33237;0.02648;-0.40789;0.04636;0.0711;0.00173;-0.29439;0.04085;0.34041;0.06113;-0.11844;0.009;-0.18057;0.02464;0.15735;0.02096
"moment";-0.62925;0.19517;-0.25164;0.05624;0.47408;0.22224;-0.10992;0.01389;-0.00914;0.00012;0.09995;0.01942;-0.16074;0.05622;-0.09237;0.02259;-0.14312;0.06384;0.00022;0
"5e";0.65549;0.17328;-0.73109;0.38837;-0.15519;0.01948;0.19775;0.03677;-0.42488;0.20809;0.1453;0.03359;-0.27021;0.12999;-0.20457;0.09064;0.05558;0.00788;0.55948;0.89418
"répondre";0.56917;0.12581;0.19259;0.02595;0.35734;0.09948;0.06855;0.00426;-0.07533;0.0063;0.33899;0.17604;-0.01441;0.00036;-0.14319;0.04276;-0.55623;0.75978;0.29426;0.23819
"eau";1.28006;0.97899;-1.37278;2.0286;0.27693;0.09192;0.63612;0.56372;-0.08317;0.01181;-0.06493;0.00994;-0.05776;0.0088;-0.09829;0.031;0.021;0.00167;-0.02151;0.00196
"parfois";0.37003;0.05522;0.46062;0.15416;-0.03768;0.00115;-0.47232;0.20978;-0.29459;0.10003;0.26666;0.11312;-0.19456;0.0674;0.04418;0.00423;0.32935;0.27662;-0.32157;0.29539
"citoyenneté";0.02627;9e-05;1.02555;0.25474;0.74536;0.14982;0.12484;0.00489;0.06251;0.0015;0.13621;0.00984;-0.44475;0.11739;-0.85242;0.52458;-0.20781;0.03671;-0.04358;0.00181
"cours|cour";-0.51005;0.06995;0.15309;0.01135;0.15653;0.01321;0.19468;0.02376;0.38482;0.1138;-0.32138;0.10954;-0.00593;4e-05;0.32637;0.1538;0.00606;6e-05;0.0453;0.00391
"raison";0.2821;0.02734;-0.18752;0.02177;-0.04974;0.00171;-0.19708;0.03111;0.13343;0.01748;-0.28432;0.10955;-0.08162;0.0101;-0.14707;0.0399;0.22242;0.10747;0.2666;0.17296
"rester";0.12569;0.0059;-0.06731;0.00305;-0.02508;0.00047;-0.04468;0.00174;-0.12112;0.01566;0.0816;0.00981;0.38471;0.24398;-0.07777;0.01213;0.2688;0.1706;-0.32387;0.27743
"communauté";-0.16846;0.00339;-0.37997;0.03108;-0.34263;0.02814;-0.11338;0.00358;-0.19551;0.01306;-0.32858;0.05089;-0.06132;0.00198;-0.41068;0.10823;0.3703;0.10361;0.32137;0.08742
