"le";-0.05259;0.45821;-0.01227;0.05344;-0.00439;0.01141
"de";-0.02959;0.09142;-0.02325;0.12085;0.01059;0.04184
"du";0.03249;0.06088;-0.07353;0.66724;0.00523;0.00564
"et";-0.0076;0.00256;0.06334;0.38164;0.09187;1.33947
"un";0.0063;0.00111;-0.01862;0.02082;-0.00547;0.003
"à";0.11985;0.36845;-0.03743;0.07693;-0.03339;0.10213
"être";-0.0827;0.15879;0.05897;0.17285;-0.01642;0.02234
"en";0.03237;0.02305;0.0688;0.22288;-0.08492;0.56654
"@card@";-0.40988;3.19257;-0.05848;0.13914;-0.15905;1.71687
"dans";-0.00975;0.00148;0.00026;0;-0.05031;0.14118
"au";0.01957;0.00573;0.03435;0.03782;-0.00835;0.00373
"ce";0.05113;0.03107;0.04837;0.05954;-0.07188;0.21935
"sur";0.02296;0.00477;-0.07854;0.1194;-0.0206;0.0137
"par";-0.08007;0.06879;-0.08902;0.18199;0.0129;0.00638
"que";-0.18513;0.31044;0.01543;0.00462;-0.05029;0.08181
"pouvoir";-0.10543;0.09199;0.11909;0.25126;0.05597;0.09258
"se";-0.10463;0.10345;0.05882;0.06999;-0.0627;0.13268
"pour";-0.04863;0.01768;-0.19475;0.60718;-0.02004;0.01073
"qui";-0.24499;0.57164;-0.09633;0.1892;0.03594;0.04393
"ou";0.28141;0.62673;-0.10014;0.1699;0.14745;0.61456
"il";-0.22083;0.2612;0.04073;0.01902;0.00907;0.00157
"son";-0.35438;0.81251;-0.12678;0.22261;0.14336;0.47493
"élève";0.15425;0.06372;0.44171;1.11859;0.23068;0.50904
"avec";-0.06829;0.02351;0.15668;0.2649;0.10944;0.2156
"permettre";0.06048;0.01568;0.44249;1.79734;0.01914;0.00561
"leur";0.23695;0.23147;-0.14254;0.17931;0.12628;0.23483
"thème";-0.00895;0.00056;0.44739;3.01067;-0.04166;0.04355
"avoir";-0.14639;0.09995;0.16587;0.27471;-0.14153;0.33369
"plus";0.09025;0.04106;-0.12368;0.16504;-0.09486;0.16201
"liberté";-0.84736;0.32409;0.22687;0.04973;-0.14677;0.03473
"faire";-0.21006;0.15469;0.08882;0.0592;-0.00365;0.00017
"étude";0.25356;0.32212;-0.05007;0.02689;-0.00982;0.00173
"ne";-0.35097;0.57268;-0.04073;0.01651;0.05612;0.05229
"comme";-0.16983;0.10025;0.02211;0.00364;-0.05827;0.04215
"elle";-0.14005;0.07142;-0.05887;0.02702;-0.04153;0.02243
"entre";0.11958;0.05271;-0.00967;0.00074;-0.10382;0.14191
"politique";-0.35677;0.46154;0.03422;0.00909;0.10449;0.1414
"droit";-0.78565;0.46435;0.30209;0.14697;-0.26987;0.19569
"on";-0.0677;0.01938;0.10538;0.10051;-0.17717;0.47399
"pas";-0.27452;0.25171;0.00774;0.00043;0.09072;0.09819
"question";0.11451;0.03512;0.18382;0.19373;-0.08872;0.07529
"mais";0.02638;0.00214;0.07678;0.03873;-0.18344;0.36888
"tout";-0.1138;0.03371;-0.10245;0.05849;0.01246;0.00144
"autre";0.16777;0.05548;-0.35051;0.51839;-0.08969;0.05663
"grand";0.22222;0.2021;-0.08725;0.06669;0.06438;0.06059
"celui";-0.20616;0.12406;0.11631;0.08454;0.07432;0.05758
"professeur";0.19337;0.02701;-0.09056;0.01268;0.56053;0.81047
"monde";0.19316;0.14765;0.0743;0.04677;-0.2771;1.08524
"société";-0.00555;8e-05;0.12323;0.08902;-0.11246;0.12369
"mettre";0.09317;0.02403;0.10464;0.06489;-0.03983;0.01568
"exemple";0.12137;0.04743;-0.17073;0.20091;-0.03939;0.01784
"expression";-0.51124;0.09438;-0.60401;0.28202;0.29456;0.1119
"devoir";0.16839;0.06015;-0.04645;0.0098;-0.11798;0.10547
"représentation";-0.58625;0.18616;-0.3425;0.13602;0.45112;0.39371
"développement";0.82178;2.36746;-0.23137;0.40175;-0.12484;0.19515
"siècle";-0.85688;2.35305;0.06493;0.02892;0.04288;0.02105
"classe";0.17711;0.05286;0.82014;2.42646;-0.02206;0.00293
"espace";0.74435;1.97567;0.24948;0.47511;0.37169;1.75956
"territoire";0.98818;3.46736;0.28266;0.60733;0.43304;2.37832
"comprendre";0.00985;0.00016;0.43893;0.68881;0.06787;0.02747
"aborder";-0.08196;0.01577;0.44086;0.97659;-0.10583;0.09389
"premier";-0.15008;0.05185;0.39637;0.77426;-0.03132;0.00807
"programme";-0.01943;0.00093;-0.1555;0.12695;0.01908;0.00319
"différent";0.23364;0.10266;0.20133;0.16319;0.02531;0.0043
"pays";0.86311;2.47711;-0.5922;2.49638;-0.60652;4.36892
"aussi";-0.07714;0.01083;0.33953;0.44929;0.06406;0.02669
"la|le";-0.2715;0.14196;-0.06012;0.0149;-0.04431;0.01351
"France";-0.1538;0.06121;0.27715;0.42553;-0.04551;0.01914
"ainsi";0.07067;0.00977;0.15885;0.10566;-0.21644;0.32729
"mondial";0.58952;1.09809;-0.04242;0.01217;-0.20348;0.46727
"échelle";1.02536;2.65754;0.10783;0.06292;0.17378;0.27265
"temps";-0.426;0.33585;-0.33657;0.44878;0.09272;0.05682
"social";-0.20441;0.08676;-0.07334;0.02391;0.00235;4e-05
"nouveau";-0.20917;0.10072;0.15453;0.11768;-0.06977;0.04002
"histoire";-0.71573;1.22549;-0.37007;0.70139;0.46838;1.87449
"européen";-5e-04;0;0.38495;0.85914;0.17798;0.30641
"lien";0.31383;0.15115;0.3282;0.35389;0.17617;0.17012
"travail";-0.06225;0.00327;0.09408;0.01596;0.04118;0.0051
"démocratie";-0.73625;0.22021;1.09501;1.04275;-0.77999;0.88275
"loi";-0.8117;0.35687;0.62732;0.45632;-0.49017;0.46483
"français";-0.1008;0.02003;0.27665;0.32294;0.11264;0.08932
"mondialisation";0.9083;2.37087;-0.15767;0.15293;-0.16244;0.27084
"culture";-0.21709;0.04963;-0.19982;0.09003;0.01847;0.00128
"national";-0.03139;0.00132;-0.17684;0.08965;0.14075;0.09475
"deux";-0.11191;0.02619;-0.09146;0.03745;-0.08672;0.05618
"cas";0.86515;1.76807;-0.23622;0.28218;-0.19963;0.33623
"discrimination";1.21551;0.02223;0.87028;0.02439;1.14105;0.06997
"ressource";0.83393;1.01495;0.16572;0.08581;0.15837;0.13074
"même";-0.28181;0.14817;-0.17911;0.12812;-0.0548;0.02001
"égalité";-0.2298;0.01192;0.33703;0.05488;-0.35851;0.10361
"œuvre";-0.51674;0.65085;-0.43681;0.99561;0.4981;2.15993
"également";0.28112;0.07015;-0.03575;0.00243;-0.3399;0.3663
"partir";-0.24566;0.10442;0.10395;0.04002;-0.17536;0.19005
"travailler";0.11157;0.00712;0.70521;0.60871;0.14102;0.04061
"cadre";0.16695;0.03103;0.14697;0.05149;-0.19919;0.15778
"vie";-0.19454;0.05581;-0.30499;0.29362;0.21262;0.23808
"notion";0.22815;0.04307;0.4633;0.38025;0.3345;0.33071
"notamment";0.05428;0.00399;-0.00637;0.00012;0.48434;1.13459
"mise";0.27033;0.13194;-0.24185;0.22608;-0.15156;0.14813
"guerre";-0.86864;1.73696;0.38545;0.73218;-0.21906;0.39456
"Europe";-0.45148;0.47536;0.16675;0.13882;-0.0609;0.03089
"personne";0.41816;0.05262;0.31575;0.06422;0.22655;0.05516
"place";-0.29452;0.13443;0.30265;0.30388;-0.06003;0.01995
"citoyen";0.195;0.01888;0.69497;0.51336;0.19312;0.06614
"république";-0.82627;0.84231;0.55287;0.80732;-0.36939;0.60128
"situation";0.50204;0.23512;-0.37857;0.2862;-0.3529;0.41494
"économique";0.37903;0.281;0.12063;0.06093;-0.08759;0.0536
"quel";0.18134;0.05442;0.57455;1.1696;-0.02579;0.00393
"forme";0.27522;0.05698;-0.28725;0.13288;0.08329;0.01864
"choisir";0.21747;0.0676;-0.2647;0.21439;0.14016;0.10029
"choix";0.57273;0.55276;-0.15305;0.0845;0.01475;0.00131
"art";-0.79255;1.2475;-0.57728;1.41686;0.64914;2.98911
"dont";-0.13107;0.02197;-0.1702;0.07931;0.04793;0.01049
"principe";-0.60559;0.14347;0.18041;0.02726;0.0899;0.01129
"femme";-0.51689;0.20904;0.65933;0.72809;-0.67571;1.27589
"possible";0.08643;0.00843;-0.0044;5e-05;0.25421;0.26046
"contre";-0.28315;0.03016;0.09064;0.00661;-0.00772;8e-05
"débat";0.13169;0.01174;0.006;5e-05;-0.3144;0.23904
"lieu";-0.00194;1e-05;0.02431;0.00202;0.11991;0.0819
"site";-0.08748;0.00829;-0.74484;1.28658;-0.10466;0.04238
"action";-0.2775;0.03592;-0.43582;0.18965;0.26465;0.11668
"donner";-0.10633;0.01191;-0.01329;4e-04;-0.01458;8e-04
"comment";0.2436;0.07321;0.42729;0.48222;-0.29806;0.39148
"puissance";0.12086;0.02747;-0.13126;0.06937;-0.20525;0.28298
"prendre";-0.13701;0.02034;-0.28939;0.19422;0.04251;0.00699
"groupe";-0.13937;0.00906;-0.31139;0.09681;-0.23391;0.09115
"enjeu";0.53237;0.28145;0.0307;0.002;-0.02109;0.00158
"rôle";-0.05679;0.00315;-0.10311;0.02226;-0.18672;0.12178
"partie";-0.31148;0.13284;-0.46158;0.62448;0.15701;0.12055
"compétence";0.11402;0.00841;0.9011;1.1246;-0.20566;0.09774
"réflexion";-0.37225;0.04378;-0.10788;0.00787;0.35977;0.14607
"si";-0.20898;0.05059;-0.02905;0.00209;0.0913;0.03449
"homme";-0.24913;0.05323;-0.1006;0.01858;-0.18549;0.1054
"étudier";0.23476;0.06385;0.31419;0.24483;0.33791;0.4725
"agir";0.11184;0.01091;-0.17054;0.05433;-0.24848;0.19245
"ensemble";0.23776;0.06124;0.21715;0.10935;-0.02516;0.00245
"population";0.61909;0.5536;-0.11431;0.04041;-0.20618;0.21931
"éducation";0.49905;0.17237;-0.33202;0.16333;-0.54972;0.74703
"séquence";0.29511;0.00655;0.25948;0.01084;-0.59346;0.09463
"violence";-0.96568;0.25256;-0.22058;0.02821;0.32055;0.09939
"ville";0.57472;0.57648;-0.03295;0.00406;0.25033;0.39065
"certain";0.39626;0.1701;0.13312;0.0411;0.03575;0.00494
"inégalité";0.94876;1.16473;-0.11848;0.03888;0.09886;0.04516
"sans";-0.19765;0.05349;-0.09847;0.02842;0.10835;0.05741
"proposer";0.39093;0.07128;-0.27131;0.0735;-0.05982;0.00596
"révolution";-0.81474;0.96878;-0.00951;0.00028;0.20372;0.21634
"développer";0.39598;0.14863;-0.27514;0.15361;-0.33102;0.37098
"année";-0.56213;0.39937;0.18631;0.09391;-0.325;0.4768
"États";0.55077;0.47467;-0.15403;0.07947;-0.19869;0.22064
"montrer";0.19456;0.04784;0.22409;0.13587;-0.02388;0.00258
"lier";0.46907;0.21518;0.08884;0.01653;-0.03692;0.00476
"opinion";-0.51346;0.03173;-0.59843;0.09228;0.127;0.00693
"autour";0.01958;0.00029;-0.08438;0.01147;0.12136;0.03957
"problématique";0.22593;0.06067;-0.2418;0.14877;-0.1777;0.13406
"idée";-0.5144;0.23489;-0.12144;0.02802;-0.10102;0.03236
"parcours";0.1423;0.01858;0.90731;1.61741;0.17027;0.09504
"presse";-0.30869;0.03584;-0.05747;0.00266;-0.34468;0.15962
"bien";0.0253;0.00079;0.23043;0.14024;-0.01235;0.00067
"général";-0.25426;0.06128;0.11213;0.02551;-0.05994;0.01216
"appuyer";-0.08822;0.00503;0.08207;0.00933;-0.19775;0.09036
"travers";-0.09193;0.00623;-0.46733;0.34469;0.22712;0.13583
"acteur";0.48324;0.30216;-0.06226;0.01074;-0.04916;0.01117
"engagement";-0.25302;0.02312;0.01953;0.00029;0.70358;0.63847
"fait";-0.26516;0.06135;0.08807;0.01449;0.16153;0.08133
"valeur";-0.40128;0.06057;0.43956;0.15558;-0.14801;0.02943
"lui";-0.43319;0.14399;-0.01647;0.00045;-0.24645;0.16646
"information";0.75586;0.2149;0.00677;4e-05;-0.09633;0.01247
"approche";0.12325;0.02011;-0.12202;0.0422;0.07939;0.0298
"relation";-0.31714;0.12106;-0.10429;0.02802;0.38589;0.64019
"lequel";0.02783;0.00078;0.03662;0.00289;-0.04381;0.00691
"réseau";0.87468;0.58707;-0.08241;0.01116;0.20374;0.11376
"second";-0.31961;0.08453;0.57;0.57557;-0.24775;0.18142
"carte";0.14294;0.02951;-0.14375;0.06389;0.48915;1.2344
"évolution";-0.07392;0.00469;0.40239;0.29728;-0.05822;0.01038
"point";-0.06131;0.00334;0.18159;0.06266;-0.00611;0.00012
"construire";-0.08383;0.00656;0.28708;0.16459;0.27654;0.2548
"international";0.33365;0.11557;-0.06185;0.0085;-0.32029;0.38039
"risque";0.96747;1.21112;-0.14222;0.05603;0.00456;1e-04
"poser";0.28367;0.05932;0.51264;0.41476;0.13446;0.04761
"définir";-0.21422;0.01105;-0.27093;0.03783;0.30396;0.07944
"racisme";-0.91253;0.02506;0.23545;0.00357;-0.08389;0.00076
"géographie";0.81415;0.89758;-0.25998;0.19594;-0.39675;0.76133
"diversité";0.26855;0.03255;-0.02752;0.00073;0.05134;0.00425
"représenter";0.12936;0.00453;-0.38586;0.08632;-0.05723;0.00317
"fort";0.44222;0.2089;0.3428;0.26873;0.0151;0.00087
"humain";0.86508;0.70937;-0.16664;0.05635;-0.02993;0.00303
"porter";0.36302;0.0813;-0.19517;0.0503;-0.04751;0.00497
"majeur";0.53804;0.34409;0.16778;0.07163;-0.06762;0.01941
"représentant";-0.61766;0.03444;-0.17178;0.0057;0.57526;0.1067
"où";-0.07939;0.00607;0.10597;0.02315;-0.25138;0.21734
"construction";-0.1051;0.00964;0.23568;0.10377;0.22121;0.15252
"urbain";0.51308;0.36439;0.14428;0.06169;0.41181;0.83843
"pratique";0.32342;0.10702;0.32694;0.23411;0.16692;0.10182
"quelque";0.10949;0.01461;-0.2052;0.10985;0.29247;0.37234
"effet";0.68163;0.49634;0.02318;0.00123;-0.16417;0.10284
"pédagogique";-0.54336;0.07108;-0.85494;0.37668;0.3545;0.10805
"rapport";-0.35697;0.10737;-0.22108;0.08816;0.0275;0.00228
"dimension";0.02966;0.00065;-0.2038;0.06555;0.4646;0.5684
"culturel";0.08829;0.0095;-0.11114;0.03222;-0.19846;0.17145
"projet";-0.12447;0.00932;0.05109;0.00336;0.11185;0.02689
"identifier";0.59485;0.17569;0.01479;0.00023;0.16546;0.04855
"alors";-0.25586;0.05023;0.11117;0.0203;-0.1429;0.05597
"terme";0.24688;0.04768;0.47969;0.38539;-0.12892;0.04644
"identité";0.36877;0.01842;-0.32276;0.0302;0.30228;0.04419
"sous";-0.05176;0.00242;-0.14208;0.03901;-0.05022;0.00813
"sein";0.31606;0.07665;-0.06074;0.00606;-0.15325;0.06437
"respect";0.27125;0.00332;-0.96216;0.08945;-0.4315;0.03002
"métropole";0.98278;1.19163;-0.17135;0.07755;-0.04703;0.00975
"principal";0.47424;0.20303;0.47354;0.43336;0.31154;0.31294
"crise";-0.56473;0.35028;0.36303;0.30988;-0.17043;0.11394
"présenter";-0.42457;0.09492;-0.05889;0.00391;0.3024;0.172
"selon";0.47192;0.15079;-0.50745;0.37323;-0.10851;0.02848
"État";-0.29272;0.07091;-0.06372;0.00719;-0.2268;0.15203
"objectif";0.54389;0.07121;-0.26428;0.03599;0.23681;0.04822
"démocratique";-0.4557;0.05312;1.07963;0.63824;-0.74661;0.50925
"démarche";0.69987;0.28742;0.25851;0.08394;0.016;0.00054
"http";-0.12612;0.01962;-0.90986;2.18649;-0.04809;0.01019
"collège";0.14562;0.00287;-0.27929;0.02261;0.06507;0.00205
"séance";-1.03213;0.01603;-0.79061;0.02013;0.8261;0.03667
"non";0.17101;0.0198;-0.0483;0.00338;-0.22651;0.12408
"y";0.00617;3e-05;-0.04113;0.003;-0.12867;0.04894
"important";0.04812;0.00122;0.12065;0.01641;-0.45166;0.3837
"capacité";0.59631;0.23005;-0.1374;0.02615;0.25757;0.1533
"heure";0.29783;0.01201;-0.73415;0.15624;-0.63372;0.19424
"encore";0.27327;0.0573;0.22839;0.08569;-0.25023;0.17161
"période";-0.86908;0.80685;0.36;0.29638;-0.16917;0.10919
"local";0.43974;0.1862;0.17266;0.06146;0.0145;0.00072
"dynamique";0.65929;0.51011;0.30914;0.2401;0.27548;0.3181
"nombreux";-0.22112;0.04267;-0.09079;0.0154;0.04538;0.00642
"entrée";-0.13282;0.01062;0.41999;0.22726;-0.26002;0.14533
"document";-0.29308;0.07237;-0.06157;0.00684;0.40579;0.49554
"Afrique";0.08688;0.00897;-0.17878;0.08133;0.17401;0.12855
"règle";-0.00583;0;-0.59957;0.06947;0.24979;0.02012
"article";-0.45885;0.02851;0.27739;0.02231;-0.15738;0.01198
"religieux";-0.70864;0.50622;-0.05762;0.00716;-0.01822;0.0012
"très";0.32422;0.10122;-0.22149;0.10112;0.0033;4e-05
"aller";-0.20442;0.04276;-0.71944;1.13365;0.00703;0.00018
"fin";-0.43056;0.15341;-0.00769;1e-04;-0.1227;0.0445
"souligner";0.57604;0.18472;-0.08953;0.00955;-0.02475;0.00122
"proposition";-1.03213;0.01603;-0.79061;0.02013;0.8261;0.03667
"enseignement";0.26063;0.04906;0.80423;0.99998;0.05493;0.00778
"constituer";0.24542;0.04441;-0.05434;0.00466;-0.12266;0.03962
"contexte";-0.21976;0.0436;-0.42828;0.35448;0.2145;0.14835
"depuis";-0.2149;0.04308;0.0916;0.01676;-0.14016;0.06545
"chacun";-0.54386;0.12461;-0.35663;0.11471;0.68497;0.70598
"consacrer";-0.26573;0.06268;-0.5758;0.63005;-0.08677;0.02387
"région";0.86131;0.75901;-0.08464;0.01569;0.02478;0.00224
"n";-0.44561;0.14938;-0.86781;1.21284;0.26018;0.18189
"croissance";0.72163;0.58763;0.33112;0.26486;0.11687;0.05505
"organisation";0.26348;0.06267;-0.33517;0.2171;0.15885;0.08136
"durable";0.83001;0.70483;0.13023;0.03715;0.01119;0.00046
"production";0.34026;0.07316;-0.44064;0.26267;-0.42943;0.41622
"fois";-0.24253;0.04956;0.1314;0.03114;-0.22125;0.14732
"cela";-0.19324;0.01405;0.15707;0.01987;0.00487;3e-05
"particulier";0.23694;0.03379;0.15661;0.0316;-0.25423;0.13894
"élection";-0.82972;0.13466;0.9458;0.37456;-0.71388;0.35603
"connaître";-0.20915;0.02303;0.32948;0.12238;-0.22328;0.09377
"pourquoi";0.13542;0.008;0.71882;0.48264;0.35057;0.19153
"sens|sen";-0.4926;0.16064;-0.50009;0.35443;0.57196;0.77352
"moins";0.16964;0.01905;0.05553;0.00437;0.07529;0.0134
"vote";-0.81064;0.26695;1.1095;1.07053;-0.85906;1.07079
"occasion";0.48512;0.16996;0.49045;0.37188;0.80062;1.65345
"part";0.06246;0.00329;-0.32482;0.1903;0.01482;0.00066
"caractère";-0.09699;0.00269;-0.0631;0.00244;0.11212;0.01283
"lutte";-0.32541;0.02231;0.27981;0.03531;0.10885;0.00891
"trois";-0.34526;0.09685;-0.31399;0.17148;0.09903;0.02846
"afin";0.55569;0.08363;0.20322;0.02394;0.58556;0.33167
"voir";-0.69273;0.27437;0.31284;0.11979;-0.27242;0.15155
"mode";0.51358;0.14287;-0.05948;0.0041;0.16812;0.05468
"collectif";-0.34631;0.02526;0.1428;0.00919;-0.04838;0.00176
"publique";0.18004;0.01024;-0.29187;0.05762;0.29045;0.0952
"manière";0.16145;0.02039;0.41323;0.28601;-0.0637;0.01134
"façon";-0.34057;0.01047;-0.53437;0.05518;-0.10603;0.00362
"amener";0.49339;0.06227;0.0669;0.00245;-0.0497;0.00226
"pauvreté";0.97946;0.98152;-0.478;0.50044;-0.44424;0.72116
"limite";-0.08918;0.00132;0.94486;0.31631;-0.41766;0.10312
"fr";-0.20733;0.04139;-0.89917;1.66666;0.03027;0.00315
"organiser";0.18477;0.01233;-0.35892;0.09959;-0.30246;0.11799
"fondamental";-0.19511;0.00974;0.30994;0.0526;-0.43716;0.17459
"définition";0.04845;0.00028;-0.18321;0.00865;0.20574;0.0182
"plusieurs";0.40768;0.11503;0.18494;0.05068;0.36342;0.32648
"donc";-0.32804;0.05667;-0.18703;0.03943;0.18371;0.06348
"réfléchir";-0.08013;0.00116;0.08359;0.0027;0.47055;0.14279
"réaliser";0.15008;0.00949;0.05934;0.00318;0.05449;0.00447
"face";0.2408;0.03664;0.18716;0.04739;0.14436;0.04704
"perspective";0.56856;0.28696;-0.22775;0.09857;-0.09532;0.02881
"condition";0.09057;0.00531;0.00418;2e-05;-0.14386;0.04782
"troisième";-0.38151;0.08759;0.04869;0.00305;-0.10952;0.02578
"texte";-0.8504;0.32642;-0.40627;0.15949;0.60443;0.58899
"interroger";0.42993;0.08343;0.14268;0.01967;0.27976;0.12617
"activité";0.37734;0.09855;-0.32979;0.16114;0.0104;0.00027
"démographique";1.01622;0.99443;0.19926;0.08184;0.24987;0.21473
"médias";0.98146;0.07247;-0.6643;0.07107;-0.62003;0.1033
"vers";0.02586;0.00056;-0.02008;0.00073;-0.24962;0.18751
"éviter";0.06616;0.00362;-0.16729;0.04958;0.04823;0.00688
"association";0.05555;0.00065;-0.05893;0.00157;-0.32261;0.0783
"tel";-0.50188;0.14781;-0.23231;0.06779;0.24323;0.12399
"image";-0.37295;0.09627;-0.39567;0.23196;0.34129;0.28793
"universel";-0.36947;0.04929;0.58748;0.2668;-0.59954;0.46359
"finalité";0.09169;0.00025;0.03983;1e-04;0.98357;0.10398
"autrui";-1.03213;0.01603;-0.79061;0.02013;0.8261;0.03667
"moyen";-0.04595;0.00146;-0.22051;0.07204;0.11866;0.03481
"régime";-0.9205;0.57369;0.16704;0.04044;-0.02322;0.0013
"rendre";-0.37153;0.09553;-0.03901;0.00225;0.24062;0.14312
"devenir";-0.31503;0.07765;0.06447;0.00696;-0.20765;0.1205
"origine";-0.04934;0.00143;-0.29512;0.10941;-0.08898;0.0166
"spatial";1.0352;0.98355;0.35493;0.24752;0.42256;0.58534
"analyser";0.34703;0.04892;0.66452;0.38403;0.16148;0.03784
"notre";-0.36286;0.03566;1.068;0.6613;-0.64174;0.39837
"conflit";-0.27414;0.06785;0.51439;0.51134;-0.38027;0.46626
"Histoire";-0.94522;0.75279;-0.65322;0.76965;0.62873;1.18962
"aujourd'hui";0.33691;0.05636;-0.06216;0.00411;0.01699;0.00051
"flux";1.04691;0.97295;-0.23514;0.10507;-0.12752;0.05156
"conduire";0.43934;0.11326;-0.10858;0.01481;-0.24208;0.12282
"www";-0.32702;0.09815;-0.88342;1.53337;0.14576;0.06964
"objet";-0.21529;0.01325;-0.15052;0.01386;0.09554;0.00932
"cur";-0.11077;0.00462;0.13607;0.01491;0.25112;0.08472
"ordre";-0.61565;0.26803;-0.14152;0.03032;0.05656;0.00808
"conquête";-0.75362;0.30762;-0.30989;0.11136;0.27321;0.14441
"exprimer";-0.01533;4e-05;-0.02349;2e-04;0.60368;0.21543
"global";0.71858;0.42729;0.27126;0.13035;0.39229;0.45485
"analyse";0.87462;0.43736;0.04979;0.00303;0.03733;0.00285
"différence";-0.01253;2e-05;0.19045;0.01051;0.31704;0.04862
"support";-0.90225;0.57566;-0.76337;0.88218;0.66697;1.12357
"particulièrement";0.45675;0.1287;0.13585;0.02437;-0.01192;0.00031
"régional";0.99916;0.84115;0.16951;0.05183;0.27298;0.22426
"évidence";0.63679;0.22574;-0.04464;0.00237;-0.01624;0.00052
"empire";-0.83416;0.59675;0.60895;0.68081;-0.45224;0.62648
"expliquer";-0.26988;0.02411;0.2225;0.03508;-0.03568;0.00151
"pauvre";0.94278;0.78903;-0.91789;1.60109;-0.91105;2.63168
"vivre";-0.14918;0.0077;-0.03401;0.00086;0.34569;0.14771
"suffrage";-0.82106;0.17243;1.02008;0.56977;-0.77976;0.55547
"loin";-0.15716;0.01932;-0.82808;1.14849;-0.00094;0
"engager";-0.21677;0.00919;-0.43662;0.07982;0.29923;0.06255
"intérêt";-0.41475;0.06729;-0.17014;0.02424;0.3069;0.1316
"mobilité";1.15282;1.11976;0.45923;0.38039;0.66933;1.34823
"aménagement";1.11268;1.04315;0.42957;0.33285;0.66371;1.32567
"niveau";0.81584;0.39057;-0.37184;0.17368;-0.44237;0.41014
"stéréotype";-1.03213;0.01603;-0.79061;0.02013;0.8261;0.03667
"essentiel";0.29974;0.04731;-0.62322;0.43786;-0.26595;0.13303
"documentation";-0.15506;0.02026;-0.86884;1.36162;-0.04854;0.00709
"Louis";-0.95097;0.76197;-0.09436;0.01606;0.20861;0.13096
"justice";-0.11449;0.00197;0.09235;0.00275;0.36795;0.07276
"mener";0.07559;0.00146;0.48959;0.13125;0.07299;0.00487
"dignité";-0.79292;0.00946;1.26151;0.05126;-0.99387;0.05308
"mobiliser";0.8541;0.25244;0.24828;0.04567;0.27174;0.09127
"système";-0.08927;0.00576;-0.23868;0.08808;-0.01942;0.00097
"changement";0.77128;0.44752;0.6309;0.64102;0.68356;1.25548
"individu";-0.58234;0.08674;-0.00679;3e-05;0.2169;0.04298
"parmi";0.06275;0.00255;-0.23444;0.07612;0.06776;0.01061
"nombre";0.62766;0.20746;-0.32732;0.12078;-0.27296;0.14013
"santé";0.97415;0.57112;-0.71225;0.6536;-0.67506;0.97958
"respecter";0.50732;0.01549;-0.50405;0.03273;-0.03836;0.00032
"%";0.13002;0.01399;-0.76108;1.02613;-0.21755;0.13988
"inviter";0.15731;0.00856;-0.34061;0.08595;0.08017;0.00794
"civique";0.77292;0.16179;0.17463;0.01768;0.37596;0.13673
"avant";-0.4908;0.08699;0.25618;0.05073;-0.21761;0.06107
"connaissance";0.04436;0.00053;-0.13611;0.01074;-0.37805;0.13825
"maritime";0.41922;0.14279;0.34869;0.21147;0.25184;0.18405
"XIXe";-0.78924;0.34677;0.35657;0.15153;-0.20014;0.07965
"mesure";0.18255;0.01203;-0.35334;0.09651;-0.47001;0.28492
"la";-0.68457;0.15512;-0.18493;0.02423;0.35535;0.14929
"utiliser";0.06812;0.00182;-0.00304;1e-05;-0.02909;0.00118
"nécessaire";0.3956;0.04003;0.19487;0.02079;0.19075;0.03324
"domaine";0.21279;0.02248;-0.11281;0.01353;0.30832;0.16858
"union";0.86887;0.54521;0.56488;0.49332;0.50073;0.64676
"école";-0.22371;0.01431;-0.12937;0.01024;-0.53941;0.29708
"colonial";-0.86335;0.59438;0.32486;0.18016;-0.12945;0.04773
"échange";-0.07667;0.00398;0.07127;0.00736;0.12284;0.03649
"aspect";-0.13368;0.01156;0.08805;0.01074;-0.15388;0.05472
"marquer";-0.2324;0.04145;0.31236;0.16028;-0.32133;0.28298
"affaire";-0.21153;0.01818;-0.14571;0.01846;0.04912;0.0035
"élément";0.42141;0.06413;-0.48217;0.17972;-0.29487;0.11214
"souvent";0.19432;0.02329;0.03341;0.00147;-0.13911;0.04264
"territorial";0.69767;0.3442;0.27772;0.11676;0.6219;0.97685
"chaque";-0.05795;0.00101;-0.21495;0.02976;0.14449;0.02244
"exercice";-0.68201;0.06298;0.32086;0.02984;-0.3946;0.07531
"antisémitisme";-1.03213;0.01603;-0.79061;0.02013;0.8261;0.03667
"concret";-0.02104;0.00025;0.07804;0.00745;0.34209;0.23898
"puis";-0.82763;0.29887;-0.25149;0.05908;0.47127;0.34613
"nation";-0.19509;0.0189;-0.33637;0.12026;-0.29153;0.15072
"individuel";0.02204;0.00011;0.14806;0.01059;0.04748;0.00182
"conscience";-0.02958;0.00017;-0.1407;0.00829;-0.12587;0.01107
"importance";0.32279;0.03919;0.40223;0.13028;-0.09565;0.01229
"savoir";-0.3424;0.03881;-0.31891;0.07207;-0.08769;0.00909
"dossier";0.06271;0.00148;-0.93471;0.70353;-0.23028;0.07125
"roi";-0.93645;0.65971;0.03024;0.00147;0.09811;0.02586
"historique";-0.38525;0.08709;-0.15057;0.02848;0.36249;0.27539
"ensuite";-0.58071;0.10148;0.49797;0.15974;-0.43878;0.20692
"traite";-0.92209;0.63964;0.15336;0.03788;-0.01109;0.00033
"traiter";0.29779;0.04403;0.13625;0.01973;-0.21316;0.08058
"critique";-0.16681;0.00628;-0.21843;0.02305;-0.26703;0.05748
"responsabilité";0.25794;0.00501;-0.17772;0.00509;0.5748;0.08878
"participer";-0.27515;0.01481;0.37245;0.05809;-0.25565;0.04566
"États-Unis";0.63322;0.30165;0.0356;0.00204;-0.38528;0.39886
"dernier";-0.23422;0.02889;0.16506;0.03071;-0.41197;0.31922
"source";-0.38784;0.086;-0.22411;0.06147;-0.08304;0.01408
"industriel";-0.23042;0.03914;0.39358;0.24448;-0.03853;0.00391
"technologique";0.14837;0.00994;0.60492;0.35359;-0.03793;0.00232
"accès";0.97575;0.50138;-0.32811;0.12136;-0.18876;0.06701
"prise";-0.23421;0.01816;-0.13796;0.01349;-0.52167;0.32174
"établissement";0.63829;0.03065;-0.20241;0.0066;-0.60674;0.09892
"numérique";0.35363;0.01881;0.64313;0.13322;-0.15319;0.01261
"évoquer";0.06385;0.00209;0.44105;0.21302;-0.22831;0.09524
"photographique";-0.09532;0.00656;-0.91391;1.29132;-0.0778;0.01561
"peuple";-0.9467;0.18879;-0.05771;0.0015;0.17611;0.02333
"enfin";-0.59955;0.09194;-0.11962;0.00784;0.08741;0.00698
"mouvement";-0.18407;0.01988;-0.11061;0.01537;-0.2901;0.17638
"environnement";0.91809;0.41851;-0.27262;0.079;-0.20063;0.07138
"lors";-0.59108;0.09462;0.05624;0.00183;0.37304;0.13461
"professionnel";0.35726;0.03649;0.927;0.52589;0.33792;0.1166
"moral";0.20001;0.01023;0.45082;0.11129;0.67167;0.41214
"penser";-0.00583;1e-05;-0.59957;0.20842;0.24979;0.06036
"après";-0.79625;0.29571;0.11523;0.01326;0.01219;0.00025
"commun";0.15569;0.00584;-0.32755;0.05529;0.20159;0.03494
"début";-0.67731;0.24158;0.29016;0.09491;-0.26258;0.12968
"cycle";0.20969;0.02448;0.84599;0.85294;0.08182;0.01331
"exercer";0.13152;0.00364;0.50827;0.11649;-0.26813;0.05409
"repère";0.47289;0.14131;0.82094;0.9117;0.36042;0.29319
"EMC";-0.79292;0.0473;1.26151;0.25629;-0.99387;0.26542
"phénomène";0.29572;0.05921;0.199;0.0574;-0.1062;0.02728
"transformation";0.03399;0.00073;0.46847;0.29689;-0.03922;0.00347
"lumière";-0.86598;0.47389;0.22932;0.07114;-0.1288;0.03744
"science";0.06981;0.00205;2e-05;0;0.04324;0.00281
"limiter";0.09401;0.00492;-0.0824;0.00809;0.48329;0.46442
"confronter";-0.15442;0.00753;0.16715;0.0189;-0.27137;0.08311
"compte";-0.01074;4e-05;-0.27352;0.06024;-0.1792;0.04315
"inscrire";-0.39576;0.08013;0.09122;0.00911;-0.0566;0.00585
"fonctionnement";-0.48543;0.03191;0.04938;0.00071;0.04484;0.00097
"lycée";0.21129;0.01343;1.06589;0.73188;0.07359;0.00582
"reposer";0.44168;0.03229;0.63943;0.14486;0.69562;0.28604
"environ";-0.18328;0.02022;-0.74607;0.71713;-0.11212;0.02702
"XVIIIe";-0.96289;0.53009;-0.19658;0.0473;0.29926;0.18289
"envisager";0.4566;0.10038;-0.00423;2e-05;0.50421;0.43718
"offrir";-0.19921;0.02269;0.01854;0.00042;-0.25979;0.13782
"seul";-0.50495;0.10742;0.01938;0.00034;0.07274;0.00796
"cause";-0.40176;0.06071;-0.22205;0.0397;0.19807;0.05271
"sujet";-0.79871;0.25916;-0.04963;0.00214;0.0123;0.00022
"religion";-0.4402;0.10787;0.14512;0.0251;-0.51815;0.53383
"jusque";-0.63984;0.22175;-0.26347;0.08049;0.00615;7e-05
"inégal";0.79859;0.4126;-0.02751;0.00105;0.23567;0.12834
"public";-0.17843;0.01006;-0.15152;0.01553;0.75459;0.64259
"militaire";-0.73659;0.35919;0.15628;0.03462;0.06016;0.00856
"représentatif";-0.54543;0.02238;-0.02123;7e-05;-0.27917;0.02094
"républicain";-0.84934;0.30391;0.14818;0.0198;0.05736;0.00495
"cependant";0.17542;0.01852;0.12848;0.02127;-0.66424;0.94843
"réalité";-0.00912;3e-05;0.012;0.00012;-0.1112;0.01728
"considérer";0.09734;0.002;0.21511;0.02086;-0.00814;5e-05
"chercher";0.21796;0.0193;0.84055;0.61444;0.01747;0.00044
"écrire";-0.65492;0.07099;-0.65084;0.15008;0.31766;0.05965
"commerce";-0.6825;0.30837;0.24676;0.08629;-0.15683;0.05816
"besoin";0.78118;0.34891;-0.25689;0.08077;0.05687;0.0066
"paysage";0.74178;0.34771;0.28945;0.11334;0.47934;0.5186
"fonder";-0.56005;0.1227;-0.06112;0.00313;0.07267;0.00738
"divers";-0.28789;0.03616;0.24788;0.05739;-0.34746;0.18815
"récit";-0.77113;0.31314;-0.06193;0.00432;0.3331;0.2087
"personnel";-0.16767;0.00423;-0.30469;0.0299;0.32981;0.05846
"fonction";-0.15826;0.00641;-0.44523;0.10854;0.56731;0.29402
"concerner";0.05435;0.00102;0.20546;0.03127;0.11911;0.01754
"handicap";0.92295;0.01282;-1.04794;0.03537;-1.0603;0.06042
"tension";-0.33665;0.04604;0.0204;0.00036;0.20298;0.05978
"Paris";-0.50054;0.13193;-0.62608;0.44189;0.24792;0.11561
"abord";-0.73569;0.19544;-0.40083;0.1242;0.37869;0.18496
"centre";0.46088;0.07351;-0.03475;0.00089;0.04212;0.00219
"eux";-0.16965;0.01169;-0.37334;0.12121;-0.1164;0.01966
"alimentaire";0.85738;0.46453;-0.52079;0.36691;-0.5405;0.65938
"trouver";-0.77586;0.19925;-0.16715;0.0198;0.25831;0.07889
"agricole";0.81036;0.4051;-0.16788;0.03722;-0.05997;0.00792
"mieux";0.14838;0.00563;0.11231;0.00691;0.28319;0.07327
"prévention";1.09582;0.39749;0.08555;0.00519;0.2405;0.06838
"processus";0.07564;0.00293;-0.40727;0.18164;0.05531;0.00559
"entreprise";0.47871;0.13792;-0.63118;0.51328;-0.70613;1.07182
"riche";0.47353;0.1282;-0.51534;0.32505;-0.35998;0.26462
"acquérir";-0.07162;0.00069;-0.2507;0.01822;0.27467;0.03649
"moment";-0.65419;0.21249;0.3516;0.1314;-0.2067;0.07577
"5e";0.44118;0.07907;-0.33229;0.09602;0.23242;0.07838
"répondre";0.57966;0.13144;0.29616;0.07345;0.26826;0.10055
"eau";1.03266;0.64178;-0.32861;0.13912;-0.23479;0.1185
"parfois";0.38005;0.05868;0.36089;0.11327;0.06337;0.00583
"citoyenneté";0.29629;0.01189;0.81614;0.19309;0.39441;0.07524
"cours|cour";-0.41692;0.04969;0.00572;2e-05;-0.43663;0.19466
"raison";0.20915;0.0158;-0.19907;0.03063;-0.11901;0.01827
"rester";0.08143;0.00259;0.06558;0.0036;0.21024;0.06176
"communauté";-0.23251;0.00651;-0.39082;0.03936;0.16637;0.0119
