  ;facteur;NA;NA;NA;NA;
le;0.656;0.001;0.002;0.224;0.117
de;0.81;0.133;0;0.055;0.001
du;0.618;0;0.291;0.043;0.049
et;0.034;0.894;0.053;0.018;0.001
un;0.143;0.037;0.781;0.016;0.022
à;0.655;0.143;0.009;0.008;0.184
être;0.006;0.652;0.29;0.052;0
en;0.097;0.541;0.324;0.034;0.004
@card@;0.157;0.81;0.008;0.012;0.013
dans;0.015;0.158;0.072;0.67;0.086
au;0.079;0.805;0.095;0.007;0.015
ce;0.102;0.858;0.021;0.014;0.006
sur;0.024;0.647;0.001;0.275;0.052
par;0.341;0.106;0.176;0.364;0.014
que;0.523;0.262;0.054;0.105;0.056
pouvoir;0.017;0.039;0.408;0.374;0.162
:;0.045;0.537;0.364;0.011;0.043
se;0;0.321;0.039;0.14;0.5
pour;0.374;0.54;0.074;0;0.012
qui;0.671;0.001;0.198;0.102;0.028
ou;0.195;0.049;0.173;0.044;0.54
il;0;0.002;0.309;0.403;0.285
son;0.653;0.052;0.164;0.04;0.091
élève;0.317;0.452;0.121;0.093;0.016
avec;0.036;0.429;0.032;0.286;0.217
permettre;0.221;0.579;0.002;0.197;0.002
leur;0;0.098;0.898;0;0.004
thème;0.737;0.102;0.081;0.08;0
avoir;0.227;0.562;0.153;0.054;0.003
plus;0.344;0.013;0.237;0.118;0.288
liberté;0.17;0.001;0.783;0.046;0.001
faire;0.14;0.022;0.692;0.1;0.047
étude;0.302;0.229;0.053;0.147;0.27
ne;0.107;0.079;0.235;0.151;0.429
comme;0.047;0.018;0.735;0.091;0.109
elle;0.003;0.061;0.772;0.035;0.128
entre;0.296;0.304;0.221;0.068;0.11
politique;0.534;0.241;0.003;0.22;0.003
droit;0.494;0.02;0.107;0.196;0.183
on;0.003;0.291;0.101;0.079;0.527
pas;0.044;0.012;0.159;0.468;0.318
question;0.206;0.006;0.433;0.053;0.302
mais;0.01;0.416;0.177;0.119;0.278
tout;0.004;0.662;0;0.063;0.271
autre;0.532;0.32;0.041;0.066;0.042
grand;0.007;0.021;0.34;0.033;0.599
celui;0.007;0.554;0.253;0.08;0.106
professeur;0.657;0.199;0.021;0.043;0.079
monde;0.001;0.639;0;0.338;0.021
société;0.058;0.107;0.389;0.427;0.019
mettre;0.017;0.862;0.103;0.018;0
exemple;0.005;0.224;0.025;0.595;0.151
expression;0.008;0.774;0.137;0.045;0.036
devoir;0.168;0.052;0.004;0.299;0.478
représentation;0.306;0.047;0.515;0.063;0.069
développement;0.589;0.104;0.234;0;0.073
siècle;0.471;0.049;0.185;0.202;0.093
classe;0.482;0.453;0.041;0.021;0.002
espace;0.752;0.1;0.014;0.098;0.036
territoire;0.759;0.007;0.18;0.007;0.046
comprendre;0.328;0.458;0.178;0.034;0.002
aborder;0.484;0.272;0.216;0.023;0.006
premier;0.7;0.267;0.001;0.025;0.007
programme;0.004;0.279;0;0.717;0
différent;0.413;0.509;0.009;0.065;0.003
pays;0.857;0.013;0.009;0.092;0.029
aussi;0.809;0.117;0.071;0.003;0
la|le;0;0.716;0.071;0.167;0.046
France;0.759;0.117;0.116;0.005;0.002
ainsi;0.022;0.195;0.201;0.494;0.087
mondial;0.623;0.339;0.028;0.006;0.004
échelle;0.305;0.557;0.021;0.08;0.037
temps;0.749;0.046;0.011;0.115;0.079
social;0.2;0.099;0.26;0.407;0.034
nouveau;0.439;0.001;0.084;0.047;0.429
histoire;0.076;0.793;0.012;0.009;0.109
européen;0.78;0.027;0.047;0.109;0.037
lien;0.294;0.496;0.142;0.043;0.026
travail;0.193;0.221;0.103;0.118;0.366
démocratie;0.736;0.073;0.002;0.173;0.015
loi;0.496;0.151;0.081;0.025;0.246
français;0.718;0.163;0.095;0.024;0
mondialisation;0.05;0.035;0.836;0.079;0
culture;0.063;0.154;0.609;0.138;0.037
national;0.127;0.337;0.341;0.002;0.192
deux;0.006;0.009;0.04;0.852;0.094
cas;0.373;0.125;0.066;0.295;0.142
discrimination;0.123;0.081;0.205;0.032;0.558
ressource;0.162;0.355;0.26;0.222;0.001
même;0.139;0.476;0.061;0.257;0.067
égalité;0.75;0.018;0.012;0.176;0.044
œuvre;0.152;0.428;0.164;0;0.256
également;0.003;0.015;0.934;0.048;0
partir;0.177;0.485;0.233;0.043;0.061
travailler;0.673;0.182;0.001;0.077;0.067
cadre;0.028;0.619;0.038;0.029;0.286
vie;0.741;0.148;0.059;0.024;0.028
notion;0.691;0.195;0.054;0.028;0.032
notamment;0.04;0.005;0.161;0.512;0.283
mise;0.429;0.089;0.091;0.229;0.161
guerre;0.551;0.151;0.184;0.057;0.057
Europe;0.23;0;0.446;0.028;0.296
personne;0.075;0.131;0.191;0.001;0.602
place;0.488;0.134;0.228;0.096;0.054
citoyen;0.718;0.257;0.006;0.004;0.015
république;0.851;0.007;0.005;0.137;0
situation;0.642;0.037;0.07;0.249;0.002
économique;0.092;0.263;0.611;0.002;0.032
quel;0.477;0.461;0.061;0;0
forme;0.291;0.321;0.008;0.154;0.226
choisir;0.224;0.005;0.069;0.695;0.006
choix;0.772;0.219;0.005;0;0.004
art;0.026;0.921;0.015;0.037;0
dont;0.125;0.181;0.233;0.389;0.072
principe;0.395;0.056;0.492;0.004;0.054
femme;0.498;0.12;0.067;0.162;0.153
possible;0;0.252;0.438;0.071;0.238
contre;0.444;0.344;0.178;0.013;0.021
débat;0.228;0.091;0.553;0.128;0
lieu;0.025;0.162;0;0.556;0.258
site;0;0.903;0.074;0.019;0.004
action;0.341;0.032;0.027;0.588;0.013
donner;0.107;0.433;0.154;0.033;0.273
comment;0.035;0.817;0.142;0.001;0.006
puissance;0.169;0.311;0.354;0;0.166
prendre;0.221;0.244;0.107;0.23;0.198
groupe;0.029;0.136;0.701;0.024;0.11
enjeu;0.002;0.258;0.201;0.02;0.518
rôle;0.153;0.002;0.291;0.546;0.007
partie;0.018;0.669;0.225;0.059;0.029
compétence;0.361;0.538;0.01;0.091;0
réflexion;0.03;0.203;0.345;0.252;0.169
si;0.317;0.001;0.051;0.502;0.129
homme;0.357;0.119;0.09;0.209;0.226
étudier;0.509;0.001;0.119;0.122;0.248
agir;0.008;0.041;0.229;0.685;0.036
ensemble;0.545;0.339;0.029;0;0.086
population;0.344;0.204;0.394;0.051;0.007
éducation;0.433;0.025;0.22;0.161;0.162
séquence;0.699;0.228;0.064;0.004;0.005
violence;0.05;0.551;0.358;0.031;0.01
ville;0.001;0.034;0.072;0.047;0.846
certain;0.602;0.256;0.036;0.092;0.014
inégalité;0.146;0.298;0.187;0.285;0.084
sans;0.021;0.564;0.064;0.152;0.2
proposer;0.764;0.001;0.007;0.058;0.171
révolution;0.012;0.037;0.782;0.16;0.008
développer;0.38;0.078;0.472;0.049;0.021
année;0.814;0.129;0.044;0;0.013
États;0.232;0.004;0.077;0.122;0.566
montrer;0.004;0.575;0.305;0.09;0.026
lier;0;0.37;0.039;0.091;0.5
opinion;0;0.781;0.054;0.005;0.16
autour;0.672;0.176;0.122;0.015;0.016
problématique;0.394;0.043;0.106;0.445;0.012
idée;0.023;0.436;0.435;0.013;0.093
parcours;0.489;0.434;0.025;0.049;0.003
presse;0.023;0.099;0.689;0.111;0.078
bien;0.014;0.725;0.018;0.024;0.218
général;0.006;0.005;0.788;0.055;0.147
appuyer;0.18;0.139;0.026;0.603;0.052
travers;0.495;0.321;0.102;0.082;0
acteur;0.03;0.036;0.576;0.194;0.164
engagement;0.135;0.257;0.022;0.586;0.001
fait;0.001;0.012;0.443;0.538;0.006
valeur;0.323;0.4;0.021;0.128;0.129
lui;0.098;0.174;0.242;0.486;0
information;0.035;0.007;0.786;0.151;0.021
approche;0.565;0.038;0.127;0;0.27
relation;0.662;0.011;0.082;0.136;0.11
lequel;0.201;0;0.226;0.281;0.292
réseau;0.049;0.001;0.531;0.007;0.412
second;0.632;0.015;0.207;0.113;0.034
carte;0.003;0.58;0.095;0.145;0.176
évolution;0.33;0.072;0.483;0;0.115
point;0.206;0.001;0.537;0.22;0.036
construire;0.483;0.019;0.261;0.236;0.001
international;0.323;0.377;0.186;0.01;0.104
risque;0.422;0.229;0.342;0.006;0.002
poser;0.241;0.696;0.003;0.058;0.002
définir;0.476;0.01;0.141;0.029;0.344
racisme;0.04;0.007;0.748;0.085;0.119
géographie;0;0.414;0.448;0.036;0.102
diversité;0.396;0.24;0.016;0.239;0.109
représenter;0.445;0.014;0.001;0.334;0.206
fort;0.028;0.618;0.005;0.348;0
humain;0.584;0.246;0.036;0.002;0.131
porter;0.125;0.746;0.056;0.072;0.001
majeur;0.041;0.814;0.066;0.01;0.069
représentant;0.304;0;0.024;0.281;0.391
où;0.066;0.235;0.42;0.032;0.248
construction;0.428;0.003;0.089;0.265;0.215
urbain;0.527;0.081;0.01;0.059;0.323
pratique;0.131;0.574;0.003;0.014;0.277
quelque;0.173;0.13;0.513;0.001;0.184
effet;0.024;0.172;0.012;0;0.792
pédagogique;0.141;0.28;0.371;0.001;0.206
rapport;0.469;0.037;0.046;0.015;0.433
dimension;0.011;0.138;0.284;0.085;0.482
culturel;0;0.061;0.722;0.008;0.209
projet;0.384;0.076;0.006;0.216;0.318
identifier;0.003;0.001;0.114;0.828;0.055
alors;0.158;0.007;0.062;0.001;0.772
terme;0.021;0.799;0.02;0.146;0.015
identité;0.006;0.132;0.362;0.31;0.19
sous;0.09;0.373;0.376;0.132;0.03
sein;0.086;0.092;0.011;0.001;0.81
respect;0.332;0.257;0.264;0.023;0.125
métropole;0.248;0.214;0.488;0.049;0.001
principal;0.486;0.316;0.073;0.069;0.055
crise;0.543;0.003;0.021;0.223;0.21
présenter;0.006;0.4;0.272;0.024;0.297
selon;0.505;0.078;0.27;0.057;0.09
État;0.481;0.21;0.001;0.05;0.258
objectif;0.002;0;0.021;0.964;0.013
démocratique;0.658;0.033;0.009;0.239;0.061
démarche;0.283;0.497;0.026;0.157;0.038
http;0.01;0.844;0.091;0.035;0.019
collège;0.057;0.34;0.599;0;0.003
séance;0.033;0.26;0.418;0.033;0.256
non;0.011;0.018;0.654;0.196;0.121
y;0.002;0.006;0.096;0.693;0.202
important;0.03;0.199;0.299;0.353;0.118
capacité;0.004;0.102;0.148;0.515;0.231
heure;0.088;0.273;0.308;0.033;0.298
encore;0.208;0.033;0.285;0.41;0.064
période;0.003;0.127;0.029;0.641;0.2
local;0.009;0.477;0.103;0.204;0.207
dynamique;0.9;0.077;0.018;0.002;0.004
nombreux;0.554;0.011;0.105;0.261;0.069
entrée;0.225;0.069;0.21;0.415;0.081
document;0.051;0.343;0.496;0.086;0.024
Afrique;0.2;0.021;0.199;0.081;0.498
règle;0.53;0.032;0.119;0.212;0.108
article;0.002;0.093;0.33;0.043;0.531
religieux;0.749;0.156;0.092;0.004;0
très;0.457;0.017;0.136;0.039;0.351
aller;0.161;0.824;0.014;0;0.002
fin;0;0.086;0.002;0.777;0.134
souligner;0.006;0.011;0.171;0.17;0.642
proposition;0.033;0.26;0.418;0.033;0.256
enseignement;0.399;0.457;0.007;0.069;0.068
constituer;0.141;0.189;0.452;0.02;0.198
contexte;0.157;0.516;0.179;0.147;0
depuis;0.589;0.117;0.17;0.125;0
chacun;0.068;0.745;0.034;0.15;0.002
consacrer;0.416;0.164;0.264;0.094;0.061
région;0.493;0.259;0.077;0.13;0.041
n;0.051;0.748;0.148;0.003;0.05
croissance;0.111;0.351;0.087;0.419;0.032
organisation;0.077;0.57;0.014;0.011;0.328
durable;0.167;0.498;0.251;0.012;0.072
production;0.141;0.825;0.003;0.001;0.03
fois;0.047;0.434;0.133;0.075;0.312
cela;0.016;0.177;0.092;0.455;0.26
particulier;0.04;0.374;0.248;0.107;0.23
élection;0.606;0.1;0.074;0.092;0.129
connaître;0.162;0.047;0.052;0.039;0.699
pourquoi;0.619;0.298;0;0.013;0.069
sens|sen;0.023;0.484;0.183;0.017;0.294
moins;0.083;0.599;0.276;0.004;0.039
vote;0.747;0.083;0.044;0.087;0.038
occasion;0.518;0.296;0.011;0.167;0.007
part;0.915;0.038;0.002;0.021;0.023
caractère;0.081;0.026;0.45;0.272;0.171
lutte;0.255;0.447;0.022;0.234;0.042
trois;0.271;0.487;0.016;0.145;0.081
afin;0.427;0.255;0.235;0.006;0.077
voir;0.109;0.29;0.571;0.03;0.001
mode;0.417;0.285;0.051;0.099;0.147
collectif;0.176;0.336;0.245;0.237;0.006
publique;0.106;0.612;0.002;0.024;0.255
manière;0.21;0.77;0.008;0.008;0.005
façon;0.068;0.54;0.137;0.246;0.009
amener;0;0.071;0.611;0.291;0.027
pauvreté;0.783;0.077;0.118;0.021;0.001
limite;0.218;0.206;0.316;0.249;0.012
fr;0.005;0.764;0.157;0.03;0.043
organiser;0.16;0.073;0.151;0.503;0.114
fondamental;0.277;0.482;0.026;0.049;0.166
définition;0.131;0.043;0.199;0.597;0.03
plusieurs;0.088;0.083;0.293;0.535;0.001
donc;0.571;0.003;0.177;0.017;0.232
réfléchir;0.517;0.003;0.445;0.022;0.013
réaliser;0.441;0.287;0;0.165;0.107
face;0.051;0.368;0.281;0.028;0.272
perspective;0.186;0.092;0.698;0.019;0.005
condition;0.049;0.005;0.008;0.021;0.917
troisième;0.262;0.418;0.188;0.04;0.092
texte;0.032;0.636;0.214;0.058;0.06
interroger;0.271;0.104;0.258;0.151;0.215
activité;0.35;0.018;0.007;0.589;0.036
démographique;0.212;0.38;0.252;0.148;0.009
médias;0.398;0.064;0.35;0.102;0.085
vers;0.127;0.141;0.039;0.358;0.335
éviter;0;0.121;0.629;0.037;0.213
association;0.061;0.051;0.311;0;0.577
tel;0.785;0.003;0.126;0.038;0.048
image;0.224;0.51;0.122;0.067;0.076
universel;0.334;0.13;0.051;0.184;0.302
finalité;0.287;0.335;0.368;0.001;0.009
autrui;0.033;0.26;0.418;0.033;0.256
moyen;0.46;0.031;0.005;0.145;0.359
régime;0.672;0.296;0.03;0.002;0
rendre;0.225;0;0.007;0.008;0.761
devenir;0.091;0.159;0.184;0.187;0.379
origine;0.381;0.013;0.319;0.234;0.053
spatial;0.631;0.197;0.036;0.032;0.104
analyser;0.086;0.466;0.256;0.182;0.01
notre;0.386;0.481;0.103;0.003;0.027
conflit;0.403;0.11;0.152;0.334;0.001
Histoire;0.013;0.67;0.225;0.053;0.04
aujourd'hui;0.271;0.149;0.028;0.068;0.484
flux;0.01;0.027;0.826;0.089;0.048
conduire;0.028;0.07;0.31;0.011;0.58
www;0.001;0.774;0.143;0.047;0.036
objet;0.165;0.674;0.07;0.015;0.076
cur;0.059;0.245;0.233;0.425;0.039
ordre;0.828;0.051;0.008;0.101;0.012
conquête;0.532;0;0.007;0.425;0.036
exprimer;0.001;0.073;0.309;0.617;0
global;0.046;0.239;0.151;0.378;0.185
analyse;0.068;0.773;0.105;0.035;0.02
différence;0.044;0.017;0.41;0.391;0.138
support;0.32;0.527;0.073;0.03;0.051
particulièrement;0.348;0.042;0.404;0.069;0.137
régional;0.824;0.018;0.095;0.003;0.059
évidence;0.432;0.459;0.018;0.083;0.008
empire;0.098;0.347;0.168;0.301;0.085
expliquer;0.004;0.001;0.266;0.71;0.018
pauvre;0.712;0.011;0.003;0.26;0.013
vivre;0.001;0.016;0.017;0.956;0.01
suffrage;0.495;0.1;0.143;0.006;0.256
loin;0.269;0.696;0.019;0.015;0.001
engager;0.054;0.341;0.168;0.283;0.154
intérêt;0.001;0.263;0.367;0.082;0.287
mobilité;0.489;0.071;0.246;0.007;0.188
aménagement;0.631;0.002;0.216;0.114;0.037
niveau;0.833;0.086;0.029;0.035;0.018
stéréotype;0.046;0.485;0.292;0.09;0.087
essentiel;0.58;0.004;0.057;0.335;0.024
documentation;0.049;0.831;0.096;0.003;0.021
Louis;0.485;0.001;0.002;0.275;0.237
justice;0.007;0.194;0.361;0.387;0.05
mener;0.271;0.249;0.092;0.381;0.007
dignité;0.028;0.304;0.167;0.417;0.084
mobiliser;0.193;0.391;0.011;0.139;0.266
système;0.388;0.015;0.021;0.368;0.209
changement;0.014;0.346;0.103;0.453;0.084
individu;0.06;0.002;0.008;0.583;0.346
parmi;0.001;0.365;0.178;0.435;0.022
nombre;0.816;0.072;0.006;0.092;0.014
santé;0.488;0.025;0.147;0.29;0.049
respecter;0.12;0.104;0.746;0.001;0.03
inviter;0.001;0.153;0.618;0.002;0.226
civique;0.642;0.012;0.21;0.018;0.118
avant;0.304;0.042;0.172;0.427;0.056
connaissance;0.024;0.357;0.142;0;0.477
maritime;0.189;0.058;0.359;0.001;0.393
XIXe;0.106;0.002;0.616;0.039;0.237
mesure;0.617;0;0.048;0.322;0.013
la;0.258;0.017;0.554;0.062;0.109
utiliser;0.417;0.17;0.049;0.025;0.34
nécessaire;0.025;0.654;0.15;0.023;0.148
domaine;0.077;0.057;0.001;0.138;0.726
union;0.579;0.012;0.161;0.174;0.073
école;0.152;0.101;0.002;0.108;0.637
colonial;0.101;0;0.7;0.068;0.13
échange;0.008;0.049;0.735;0.186;0.022
aspect;0.301;0.201;0.446;0.019;0.032
marquer;0.002;0.305;0.031;0.662;0
affaire;0.096;0.048;0.781;0.043;0.033
élément;0.232;0.417;0.211;0.002;0.138
souvent;0.235;0.574;0.13;0.045;0.016
territorial;0.516;0.051;0.428;0.005;0
chaque;0.179;0.003;0.173;0.642;0.003
exercice;0.314;0.047;0.39;0.173;0.076
antisémitisme;0.478;0.001;0.072;0.36;0.089
concret;0.003;0.09;0.587;0.278;0.043
puis;0.415;0.221;0.109;0.019;0.236
nation;0.175;0.128;0.555;0.036;0.106
individuel;0.011;0.646;0.236;0.091;0.016
conscience;0.68;0.202;0.042;0.043;0.033
importance;0.038;0.486;0.064;0.379;0.033
savoir;0.349;0.383;0.259;0.004;0.005
dossier;0.021;0.925;0.005;0.048;0.001
roi;0.549;0.133;0.071;0.141;0.106
historique;0;0.438;0.32;0.042;0.2
ensuite;0;0.349;0.103;0.526;0.023
traite;0.001;0;0.64;0.01;0.349
traiter;0.31;0.216;0.278;0.053;0.143
critique;0.014;0.118;0.821;0.02;0.027
responsabilité;0.339;0.043;0.003;0.311;0.303
participer;0.029;0.175;0.136;0.001;0.659
États-Unis;0.176;0.003;0.771;0.037;0.013
dernier;0.021;0.155;0.172;0.491;0.161
source;0.737;0.018;0.043;0.07;0.132
industriel;0.17;0.058;0.406;0.19;0.177
technologique;0.052;0.247;0.245;0.437;0.019
accès;0.508;0.155;0.288;0.048;0.001
prise;0.588;0.032;0.001;0.102;0.278
établissement;0.108;0.394;0.359;0.138;0.001
numérique;0.55;0.063;0.215;0.162;0.01
évoquer;0.467;0.243;0.174;0.038;0.078
photographique;0.066;0.869;0.047;0.008;0.009
peuple;0.076;0.322;0.339;0.234;0.029
enfin;0.205;0.348;0.012;0.057;0.378
mouvement;0.044;0.496;0.12;0.318;0.023
environnement;0.301;0.106;0.21;0.352;0.031
lors;0.004;0.003;0.292;0.005;0.695
professionnel;0.399;0.395;0.012;0.015;0.179
moral;0.896;0.019;0.001;0.058;0.027
penser;0.508;0.111;0.107;0.024;0.25
après;0.18;0.007;0.246;0.249;0.317
commun;0.194;0.02;0.003;0.247;0.535
début;0.015;0.157;0.007;0.817;0.003
cycle;0.206;0.652;0.039;0.096;0.006
exercer;0.491;0.206;0.006;0.011;0.286
repère;0.66;0.237;0.011;0.05;0.042
EMC;0.663;0.045;0.014;0.238;0.041
phénomène;0.064;0.023;0.237;0.1;0.576
transformation;0.25;0.047;0.066;0.593;0.044
lumière;0.041;0.004;0.749;0.052;0.153
science;0.02;0.033;0.011;0.92;0.016
limiter;0.324;0.132;0.007;0.378;0.158
confronter;0.02;0.041;0.018;0.666;0.254
compte;0.102;0.025;0.041;0.755;0.077
inscrire;0.002;0.116;0.554;0.128;0.2
fonctionnement;0.109;0.23;0.046;0.25;0.366
lycée;0.551;0.408;0;0.01;0.031
reposer;0.253;0.513;0.182;0.036;0.015
environ;0.531;0.151;0.199;0.117;0.003
XVIIIe;0.002;0.118;0.777;0.087;0.016
envisager;0.016;0;0.069;0.832;0.082
offrir;0.007;0.018;0.485;0.23;0.26
seul;0.396;0.48;0.124;0;0
cause;0.071;0.352;0.539;0.017;0.022
sujet;0.046;0.207;0.024;0.162;0.561
religion;0.261;0.129;0.026;0.38;0.204
jusque;0.153;0.254;0.302;0.018;0.273
inégal;0.343;0.274;0.098;0.285;0
public;0.066;0.302;0.206;0.009;0.417
militaire;0.162;0.057;0.35;0.065;0.367
représentatif;0.295;0.045;0.589;0.004;0.067
républicain;0.391;0.126;0.106;0.014;0.362
cependant;0.031;0.17;0.208;0.288;0.303
réalité;0.423;0.189;0.022;0.092;0.274
considérer;0.075;0.385;0.274;0.126;0.14
chercher;0.305;0.526;0.002;0.123;0.043
écrire;0.489;0.072;0.007;0.423;0.01
commerce;0.001;0.023;0.422;0.004;0.551
besoin;0.554;0.181;0.261;0.001;0.003
paysage;0.133;0.31;0.195;0.01;0.351
fonder;0.158;0.006;0.696;0.015;0.125
divers;0.42;0.113;0.064;0.3;0.104
récit;0.266;0.057;0.35;0.082;0.245
personnel;0.133;0;0.002;0.849;0.016
fonction;0.294;0;0;0.62;0.086
concerner;0.002;0.218;0.075;0.547;0.159
handicap;0.033;0.26;0.418;0.033;0.256
tension;0.073;0.024;0.34;0.008;0.556
Paris;0.014;0.863;0.005;0.107;0.011
abord;0.857;0.017;0.047;0.001;0.078
centre;0.187;0.169;0.389;0.179;0.077
eux;0.327;0.529;0.079;0.001;0.064
alimentaire;0.614;0.079;0.2;0.086;0.022
trouver;0.79;0.009;0.172;0.028;0.001
agricole;0.386;0.225;0.323;0.061;0.005
mieux;0.222;0.736;0.027;0.001;0.013
prévention;0.279;0.311;0.294;0.1;0.016
processus;0.021;0.748;0.14;0.083;0.008
entreprise;0.02;0.216;0.64;0.023;0.101
riche;0.844;0.002;0.001;0.142;0.01
acquérir;0.02;0.093;0.881;0.003;0.004
moment;0.139;0.52;0.005;0.147;0.189
5e;0.503;0.116;0.181;0.129;0.071
répondre;0.166;0.275;0.152;0.103;0.303
eau;0.542;0.17;0.275;0.008;0.004
parfois;0.055;0.721;0.018;0.194;0.012
citoyenneté;0.71;0.032;0;0.215;0.043
cours|cour;0.312;0.492;0.003;0.003;0.19
raison;0.153;0.025;0.149;0.273;0.4
rester;0.009;0.031;0.139;0.808;0.013
communauté;0.366;0.001;0.11;0.194;0.328

