lemme,3_2015,3_2025,4_2015,4_2025,5_2015,5_2025
le,454,1609,2858,1688,2563,1634
de,307,962,1828,1075,1606,1047
du,118,498,1086,579,938,550
et,108,457,697,496,655,494
un,91,278,464,270,444,290
à,61,235,447,248,407,282
être,43,237,391,270,346,234
en,39,233,370,269,317,219
@card@,111,205,419,179,208,114
dans,32,167,267,161,248,146
au,26,146,250,166,230,162
ce,21,113,195,133,183,137
sur,38,72,170,96,129,85
par,25,99,199,104,179,88
que,20,86,156,93,144,92
pouvoir,37,73,109,98,116,109
:,82,113,172,95,163,92
se,18,95,169,94,126,111
pour,35,53,142,60,138,65
qui,12,73,188,89,174,86
ou,30,67,120,88,144,73
il,11,46,113,56,60,62
son,13,38,142,55,106,66
élève,6,41,26,35,23,47
avec,7,52,89,56,56,70
permettre,5,52,47,69,33,73
leur,7,32,100,57,53,23
thème,30,116,76,103,43,97
avoir,12,53,67,53,63,57
plus,11,36,91,62,94,37
liberté,0,4,12,9,1,2
faire,16,40,53,31,47,42
étude,8,39,56,60,114,52
ne,9,47,96,40,72,40
comme,5,37,67,39,47,29
elle,4,31,100,43,35,27
entre,4,38,51,24,74,51
politique,14,50,63,38,46,20
droit,0,15,14,8,6,4
on,7,40,59,64,71,37
pas,5,44,67,30,50,24
question,17,30,20,37,36,32
mais,1,37,55,32,44,32
tout,11,23,45,28,42,18
autre,9,11,37,14,45,14
grand,11,30,72,64,69,24
celui,7,31,39,33,50,33
professeur,1,2,10,8,16,11
monde,3,48,59,43,68,42
société,12,18,33,28,41,48
mettre,2,26,44,35,41,34
exemple,10,42,61,20,59,20
expression,3,1,15,2,3,0
devoir,5,19,32,26,40,18
représentation,0,1,13,7,11,1
développement,9,10,32,28,97,57
siècle,5,10,61,42,53,38
classe,2,35,5,32,7,31
espace,7,67,41,62,35,24
territoire,26,94,36,32,12,35
comprendre,3,30,10,22,22,23
aborder,7,43,15,31,28,30
premier,5,36,30,33,18,29
programme,8,29,44,21,46,12
différent,2,27,26,25,24,20
pays,1,10,77,11,93,29
aussi,3,30,27,29,13,16
la|le,8,21,36,16,31,15
France,22,54,32,31,16,15
ainsi,4,14,34,31,21,25
mondial,16,42,64,38,29,21
échelle,3,32,39,34,26,34
temps,2,10,42,7,44,15
social,0,18,35,24,40,14
nouveau,3,41,50,20,17,18
histoire,13,18,66,8,38,10
européen,17,81,34,27,12,9
lien,4,21,14,22,18,23
travail,10,7,9,15,8,6
démocratie,0,17,1,7,0,1
loi,0,9,1,15,2,1
français,21,52,24,21,6,4
mondialisation,0,15,104,63,1,8
culture,2,4,31,12,11,8
national,4,17,40,12,9,4
deux,4,30,34,13,42,13
cas,2,18,22,24,68,22
discrimination,0,0,0,1,0,0
ressource,3,4,7,13,28,42
même,8,10,45,15,24,18
égalité,1,5,3,4,2,0
œuvre,7,14,80,7,35,13
également,2,8,18,11,12,8
partir,3,16,19,18,34,22
travailler,2,10,4,13,1,8
cadre,2,9,12,16,19,15
vie,7,3,28,10,33,16
notion,3,14,7,14,6,11
notamment,3,15,22,18,23,9
mise,3,16,39,13,34,14
guerre,26,74,29,7,9,7
Europe,3,29,55,27,19,22
personne,0,2,2,10,4,1
place,0,26,28,22,15,12
citoyen,0,12,5,9,1,6
république,4,35,6,18,2,1
situation,1,6,20,7,22,6
économique,0,20,36,33,23,18
quel,2,32,8,26,13,25
forme,3,5,14,8,16,4
choisir,1,14,26,13,33,6
choix,2,11,28,17,32,20
art,24,5,57,6,29,5
dont,3,11,25,14,24,6
principe,1,5,9,8,2,0
femme,0,17,5,20,8,1
possible,1,12,21,12,16,11
contre,0,2,4,2,9,8
débat,2,6,17,11,3,4
lieu,13,5,29,27,14,18
site,18,5,29,1,15,0
action,0,4,9,2,12,1
donner,8,10,16,13,15,8
comment,0,18,8,15,18,23
puissance,6,25,58,19,11,6
prendre,2,10,26,6,20,6
groupe,0,2,18,5,4,2
enjeu,3,9,7,14,19,11
rôle,3,11,13,7,22,8
partie,29,9,26,4,16,6
compétence,0,12,3,13,1,14
réflexion,3,1,4,3,5,4
si,3,8,23,11,16,14
homme,0,5,12,11,19,6
étudier,9,15,10,21,9,13
agir,1,10,17,8,15,4
ensemble,2,14,14,17,12,11
population,2,13,12,6,38,24
éducation,2,3,3,5,25,7
séquence,1,2,1,1,0,0
violence,3,4,4,0,4,1
ville,4,10,17,40,37,7
certain,2,15,16,15,14,10
inégalité,0,17,15,7,30,17
sans,6,17,27,9,21,10
proposer,1,2,8,5,11,4
révolution,1,2,47,30,2,6
développer,5,7,13,5,23,10
année,6,21,24,16,4,5
États,3,13,35,12,22,19
montrer,1,19,10,11,23,19
lier,2,10,9,15,19,10
opinion,1,1,5,0,1,0
autour,1,4,11,5,16,12
problématique,1,11,13,7,35,10
idée,3,8,26,9,8,4
parcours,1,19,2,19,1,18
presse,1,1,11,8,2,1
bien,0,9,13,21,20,17
général,4,11,14,7,14,13
appuyer,1,3,13,7,8,11
travers,2,3,18,5,16,3
acteur,1,10,30,15,15,15
engagement,3,2,9,5,0,4
fait,2,6,18,12,10,10
valeur,0,6,3,7,5,3
lui,5,4,14,6,11,11
information,0,2,10,8,2,3
approche,4,7,17,14,28,15
relation,2,10,24,10,22,11
lequel,1,15,21,10,13,7
réseau,1,5,15,20,10,0
second,6,14,6,13,4,12
carte,6,13,34,13,17,13
évolution,4,18,6,5,8,14
point,5,10,11,10,11,12
construire,7,13,12,11,6,13
international,6,11,23,17,9,3
risque,1,3,3,1,42,36
poser,0,11,7,12,6,13
définir,0,1,7,1,4,3
racisme,0,0,1,1,0,0
géographie,10,14,19,11,26,10
diversité,0,2,9,4,7,8
représenter,0,1,3,3,9,1
fort,1,10,13,16,10,21
humain,1,3,11,11,23,14
porter,4,8,12,5,9,3
majeur,1,15,15,13,16,18
représentant,0,0,3,0,1,2
où,3,9,8,11,20,12
construction,3,25,12,3,9,5
urbain,4,19,16,24,18,10
pratique,1,11,8,20,13,13
quelque,3,6,27,17,21,7
effet,1,15,20,7,13,15
pédagogique,0,0,13,0,3,0
rapport,1,5,22,3,14,10
dimension,1,8,18,5,10,5
culturel,1,11,34,13,13,9
projet,2,13,12,3,6,3
identifier,2,0,11,9,3,8
alors,3,7,11,13,11,5
terme,0,8,6,13,9,16
identité,0,2,4,1,2,0
sous,6,6,15,7,15,10
sein,0,9,16,2,11,12
respect,0,0,2,0,1,0
métropole,5,13,39,22,1,2
principal,3,14,6,16,7,14
crise,0,31,20,9,5,3
présenter,5,4,7,6,9,4
selon,0,3,19,4,14,4
État,0,7,14,5,15,10
objectif,0,5,3,1,7,0
démocratique,0,13,1,3,0,0
démarche,0,11,6,7,8,7
http,24,0,33,0,20,0
collège,2,2,1,0,2,1
séance,0,0,1,0,0,0
non,5,10,2,5,16,5
y,2,11,14,6,15,7
important,1,4,9,8,6,6
capacité,4,5,14,3,6,11
heure,0,1,6,0,2,0
encore,2,6,15,15,4,9
période,1,7,23,11,3,22
local,1,10,14,8,12,19
dynamique,4,22,14,17,7,13
nombreux,2,5,18,8,13,10
entrée,3,8,8,6,3,12
document,14,9,9,4,10,10
Afrique,0,2,18,24,31,4
règle,0,0,2,1,3,0
article,0,0,2,4,2,1
religieux,0,0,12,5,30,20
très,1,3,16,14,22,7
aller,10,2,28,2,22,2
fin,2,10,15,7,14,6
souligner,2,6,11,3,7,8
proposition,0,0,1,0,0,0
enseignement,1,12,2,17,3,13
constituer,2,8,17,8,8,6
contexte,3,6,24,7,18,1
depuis,3,13,18,12,11,5
chacun,6,3,11,2,1,2
consacrer,0,3,28,4,20,2
région,8,19,14,12,13,2
n,14,0,17,0,19,0
croissance,0,0,11,9,13,42
organisation,6,5,16,10,18,4
durable,1,6,2,12,25,22
production,4,4,16,3,11,4
fois,1,10,15,9,12,9
cela,0,7,5,2,7,4
particulier,2,6,7,8,9,8
élection,0,5,1,6,1,0
connaître,2,4,5,13,6,4
pourquoi,0,10,5,7,0,7
sens|sen,2,6,24,1,8,1
moins,0,6,12,8,10,8
vote,0,13,2,12,0,0
occasion,2,11,7,13,3,12
part,2,2,19,5,18,10
caractère,2,2,5,0,4,6
lutte,0,0,2,3,4,5
trois,5,3,21,3,13,9
afin,0,4,5,4,2,3
voir,0,6,11,9,6,6
mode,0,3,9,3,10,11
collectif,0,1,4,3,3,3
publique,2,5,9,1,3,1
manière,0,12,7,12,10,11
façon,1,0,2,0,1,1
amener,0,1,6,5,2,3
pauvreté,0,0,11,2,37,18
limite,1,3,0,2,0,5
fr,21,0,21,0,17,0
organiser,0,4,9,2,8,1
fondamental,0,4,4,3,3,3
définition,0,2,1,0,4,1
plusieurs,1,5,15,12,3,10
donc,1,4,9,1,11,7
réfléchir,0,3,4,3,0,0
réaliser,3,6,10,4,1,4
face,1,9,7,4,7,11
perspective,5,8,12,5,19,10
condition,3,0,6,15,14,5
troisième,16,10,5,8,0,0
texte,6,1,8,2,8,3
interroger,5,5,4,7,4,5
activité,1,6,12,6,18,3
démographique,0,1,1,4,22,36
médias,0,0,2,1,2,0
vers,0,7,10,13,21,5
éviter,10,9,1,6,22,6
association,0,0,3,5,4,1
tel,1,3,10,1,16,8
image,3,2,21,4,10,5
universel,0,7,1,10,5,0
finalité,1,1,0,0,0,0
autrui,0,0,1,0,0,0
moyen,1,2,7,9,21,5
régime,7,14,10,7,0,0
rendre,1,7,15,4,11,8
devenir,0,6,17,7,9,11
origine,0,3,13,7,14,2
spatial,2,14,10,20,5,10
analyser,1,6,1,5,3,11
notre,0,7,0,4,1,6
conflit,2,24,3,10,14,7
Histoire,18,0,17,0,16,4
aujourd'hui,1,3,5,7,12,5
flux,0,0,32,24,2,1
conduire,1,7,14,5,7,5
www,22,0,22,0,14,0
objet,3,3,5,3,3,1
cur,0,2,8,5,4,6
ordre,0,3,12,6,18,7
conquête,0,3,9,4,17,2
exprimer,0,2,3,2,3,1
global,1,5,11,2,7,29
analyse,1,7,7,7,9,7
différence,0,1,4,2,0,2
support,3,1,25,0,16,0
particulièrement,5,8,6,8,7,7
régional,6,15,9,13,6,7
évidence,0,2,7,6,11,10
empire,0,3,7,3,11,33
expliquer,3,1,5,2,2,9
pauvre,0,0,16,1,39,3
vivre,0,7,3,3,10,0
suffrage,0,5,1,10,0,0
loin,7,1,21,0,20,1
engager,1,0,8,1,1,2
intérêt,1,3,13,3,3,3
mobilité,0,15,10,28,2,1
aménagement,7,33,2,5,4,5
niveau,0,1,8,4,18,8
stéréotype,1,0,0,0,0,0
essentiel,0,2,5,1,21,3
documentation,14,1,22,0,19,0
Louis,1,0,23,2,13,17
justice,0,1,3,2,1,2
mener,1,3,2,4,1,5
dignité,0,0,0,0,0,1
mobiliser,0,5,6,4,2,6
système,2,5,10,7,19,4
changement,0,3,6,5,2,34
individu,0,5,5,1,4,1
parmi,2,7,14,7,12,1
nombre,0,2,8,4,15,6
santé,0,2,0,0,33,5
respecter,0,0,2,1,1,0
inviter,0,3,13,3,2,1
civique,2,5,2,4,3,2
avant,1,3,6,6,2,4
connaissance,3,2,3,4,5,1
maritime,0,8,11,27,7,1
XIXe,0,2,13,19,1,0
mesure,0,2,7,3,10,2
la,0,1,8,5,7,1
utiliser,1,2,5,5,8,5
nécessaire,0,3,3,2,4,5
domaine,1,8,11,2,6,4
union,7,39,1,0,1,0
école,0,0,0,6,9,1
colonial,0,3,22,25,0,1
échange,0,3,16,12,7,7
aspect,6,9,7,6,7,6
marquer,2,5,11,10,8,15
affaire,0,3,12,6,0,1
élément,1,2,11,2,6,2
souvent,0,4,10,8,10,8
territorial,4,13,5,8,7,10
chaque,0,3,6,3,7,1
exercice,1,2,2,1,1,2
antisémitisme,0,0,0,0,1,0
concret,2,8,4,5,12,6
puis,1,2,12,2,7,4
nation,0,3,15,4,8,2
individuel,0,2,4,3,3,3
conscience,0,1,3,2,4,2
importance,0,2,4,4,4,11
savoir,2,2,6,1,7,3
dossier,6,0,14,0,5,0
roi,0,0,13,1,16,19
historique,2,5,17,5,6,4
ensuite,0,1,5,6,2,6
traite,0,0,18,23,9,0
traiter,7,7,4,7,4,4
critique,0,2,7,3,2,0
responsabilité,0,0,2,0,1,2
participer,0,1,1,6,3,1
États-Unis,0,8,22,14,2,4
dernier,0,3,12,6,4,9
source,1,1,7,5,18,6
industriel,1,5,14,19,3,7
technologique,2,5,3,5,2,13
accès,0,2,1,0,21,11
prise,0,1,8,1,6,6
établissement,2,1,1,0,0,1
numérique,1,3,1,2,0,3
évoquer,1,11,4,5,5,7
photographique,11,0,21,0,15,0
peuple,1,1,5,3,1,1
enfin,1,4,6,1,2,1
mouvement,4,3,15,8,4,4
environnement,0,6,5,1,15,6
lors,0,3,7,2,3,3
professionnel,0,5,0,9,1,4
moral,1,5,4,4,0,3
penser,0,1,9,0,6,2
après,0,8,11,4,5,2
commun,0,3,6,0,5,2
début,1,1,9,7,3,11
cycle,0,9,1,11,3,13
exercer,0,5,3,2,1,3
repère,2,13,2,15,0,10
EMC,0,4,0,1,0,0
phénomène,2,3,10,18,7,5
transformation,4,6,7,11,2,12
lumière,0,1,19,20,2,0
science,3,0,10,4,2,9
limiter,1,5,8,6,11,5
confronter,1,3,6,3,3,5
compte,0,5,8,2,9,1
inscrire,1,4,9,7,7,5
fonctionnement,0,1,0,2,4,1
lycée,0,7,0,8,0,5
reposer,0,4,0,2,2,3
environ,0,0,19,3,17,0
XVIIIe,0,0,26,10,1,1
envisager,3,1,10,3,2,12
offrir,2,5,8,6,8,6
seul,2,5,9,5,4,2
cause,1,2,11,4,5,2
sujet,1,7,11,1,5,2
religion,0,0,12,1,7,17
jusque,1,3,17,3,7,4
inégal,1,1,8,6,12,15
public,1,4,10,2,2,2
militaire,3,11,11,3,9,7
représentatif,0,1,2,1,0,0
républicain,0,4,0,9,1,0
cependant,0,7,8,11,11,3
réalité,2,5,6,6,5,1
considérer,0,4,1,1,3,3
chercher,0,6,2,10,1,8
écrire,0,1,4,0,6,0
commerce,0,0,11,22,10,1
besoin,0,1,3,0,20,14
paysage,0,6,7,16,7,6
fonder,0,3,10,4,6,3
divers,0,8,7,5,5,3
récit,4,1,6,5,12,7
personnel,0,2,2,1,5,0
fonction,0,2,3,2,9,0
concerner,0,6,0,5,10,2
handicap,0,0,1,0,0,0
tension,0,6,12,3,3,3
Paris,8,2,21,2,1,0
abord,0,0,10,1,9,4
centre,2,2,10,8,0,1
eux,2,1,10,4,8,2
alimentaire,0,0,1,0,30,11
trouver,1,0,5,1,9,6
agricole,0,5,3,1,20,12
mieux,0,2,3,3,5,4
prévention,0,0,0,0,9,13
processus,4,3,17,5,3,1
entreprise,0,1,30,6,3,0
riche,0,1,10,3,19,5
acquérir,0,1,4,2,1,0
moment,0,8,7,5,7,6
5e,0,1,0,2,18,6
répondre,0,9,4,2,5,6
eau,0,0,0,0,25,15
parfois,0,4,5,7,4,7
citoyenneté,0,6,1,2,0,0
cours|cour,2,3,5,4,3,1
raison,0,2,5,6,9,1
rester,1,1,8,6,3,6
communauté,0,0,2,2,4,0
