"le";-0.0148;0.07188;-0.00547;0.01536
"de";-0.02174;0.09797;0.00597;0.01154
"du";-0.05958;0.40655;0.04962;0.44072
"et";-0.01993;0.03507;-0.02567;0.09099
"un";-0.01749;0.01707;-0.04885;0.20816
"à";-0.06446;0.21207;-0.00769;0.00472
"être";-0.01377;0.00877;0.02323;0.03899
"en";0.00659;0.00191;0.03279;0.0739
"@card@";0.24898;2.32801;0.06038;0.214
"dans";-0.00608;0.00115;-0.01076;0.00561
"au";-0.05115;0.0779;0.01151;0.00616
"ce";-0.06948;0.11469;0.00554;0.00114
"sur";0.01541;0.00426;0.04987;0.06968
"par";-0.0256;0.01382;0.03038;0.03043
"que";-0.04519;0.03666;0.00341;0.00033
"pouvoir";-0.03661;0.02207;-0.08086;0.16833
"se";-0.02088;0.00812;0.01344;0.00526
"pour";-0.06376;0.06089;-0.01611;0.00607
"qui";-0.12704;0.30501;0.07389;0.16129
"ou";-0.05975;0.05661;-0.0406;0.04086
"il";0.00292;9e-05;0.1255;0.26031
"son";-0.13499;0.23252;0.1253;0.31318
"élève";0.07369;0.02936;-0.19013;0.3056
"avec";-0.02137;0.00458;0.03516;0.01937
"permettre";0.01453;0.00179;-0.02304;0.00703
"leur";0.07616;0.04793;0.29815;1.14836
"thème";0.26808;1.01533;-0.15051;0.50028
"avoir";0.00706;0.00046;-0.06773;0.06644
"plus";-0.08889;0.07947;0.09961;0.15598
"liberté";0.31715;0.08557;0.5983;0.47605
"faire";0.05474;0.02085;-0.13513;0.1986
"étude";-0.24039;0.57761;-0.09122;0.13004
"ne";0.00449;0.00019;0.04533;0.02967
"comme";0.04965;0.01678;0.08796;0.08231
"elle";0.10892;0.08651;0.32881;1.23242
"entre";-0.21718;0.34678;-0.18596;0.39746
"politique";0.24152;0.40938;-0.03489;0.01335
"droit";0.39871;0.227;-0.00975;0.00021
"on";-0.0434;0.01591;0.04701;0.02918
"pas";0.09966;0.06639;0.00815;0.00069
"question";0.08276;0.03579;-0.21595;0.38096
"mais";-0.00279;5e-05;0.01685;0.00271
"tout";0.04257;0.0092;0.01449;0.00167
"autre";-0.15492;0.09479;-0.02971;0.00545
"grand";-0.00404;0.00013;0.16491;0.34872
"celui";-0.06544;0.02511;-0.09215;0.07784
"professeur";-0.42639;0.26514;0.00187;1e-05
"monde";-0.05277;0.02225;-0.06451;0.05198
"société";-0.19517;0.20831;-0.13105;0.14682
"mettre";-0.09634;0.05132;0.04274;0.01579
"exemple";0.07816;0.03935;-0.10915;0.11995
"expression";0.32312;0.07613;0.50995;0.29643
"devoir";-0.07651;0.0249;-0.00344;8e-05
"représentation";-0.18937;0.03595;0.42449;0.28242
"développement";-0.53968;2.06181;-0.21482;0.51069
"siècle";-0.23601;0.3537;0.20005;0.39724
"classe";0.23582;0.18924;-0.25627;0.34935
"espace";0.33919;0.82493;-0.06088;0.04154
"territoire";0.66616;3.16847;-0.44901;2.2502
"comprendre";0.09833;0.03231;-0.30423;0.48357
"aborder";0.17604;0.14499;-0.30736;0.69097
"premier";0.19847;0.18071;-0.06587;0.03112
"programme";0.0741;0.02669;-0.05774;0.02533
"différent";0.08826;0.02935;-0.05076;0.01518
"pays";-0.4283;1.23169;0.05069;0.02697
"aussi";0.30096;0.32472;0.02815;0.00444
"la|le";0.07073;0.0193;-0.05023;0.01522
"France";0.60806;1.90972;-0.26519;0.56781
"ainsi";-0.03713;0.0054;0.17351;0.18446
"mondial";0.30719;0.60209;0.04982;0.02476
"échelle";0.05175;0.01367;0.00678;0.00037
"temps";-0.27815;0.28207;0.03441;0.00675
"social";-0.11794;0.05536;0.08214;0.04197
"nouveau";0.33658;0.51284;0.00931;0.00061
"histoire";0.10521;0.05145;0.09589;0.06681
"européen";0.82713;3.74143;-0.38588;1.27299
"lien";0.03679;0.00419;-0.15957;0.12336
"travail";0.32699;0.17867;-0.058;0.00879
"démocratie";1.07941;0.92038;-0.5138;0.326
"loi";0.54986;0.2572;0.16802;0.03754
"français";0.91491;3.25525;-0.38134;0.88406
"mondialisation";0.31753;0.58508;0.85744;6.66939
"culture";0.00429;4e-05;0.43103;0.60003
"national";0.38744;0.39222;0.27777;0.31514
"deux";0.03974;0.00652;-0.17564;0.19926
"cas";-0.361;0.61767;-0.18147;0.244
"discrimination";0.28129;0.0024;1.12843;0.06048
"ressource";-0.63707;1.19608;-0.29754;0.40787
"même";-0.01425;0.00074;0.15973;0.14541
"égalité";0.61551;0.17265;-0.06675;0.00317
"œuvre";0.02506;0.00298;0.2702;0.54095
"également";0.02661;0.00127;0.13188;0.04873
"partir";-0.19908;0.13487;-0.14786;0.11629
"travailler";0.36055;0.15009;-0.04342;0.0034
"cadre";-0.17575;0.0685;-0.04276;0.00634
"vie";-0.29304;0.25308;0.00356;6e-05
"notion";0.25047;0.10483;-0.15264;0.06086
"notamment";0.04312;0.00508;0.02961;0.00375
"mise";-0.07651;0.02117;0.04386;0.01087
"guerre";0.99097;4.53509;-0.63946;2.95204
"Europe";0.17924;0.1513;0.17202;0.21784
"personne";0.04928;0.0014;0.4182;0.15782
"place";0.2425;0.18402;0.06537;0.0209
"citoyen";0.45759;0.20993;-0.11582;0.02103
"république";0.98758;1.95574;-0.37428;0.43913
"situation";-0.20514;0.07927;0.07282;0.01561
"économique";0.03933;0.00611;0.21052;0.27364
"quel";0.19636;0.12418;-0.26645;0.35743
"forme";-0.07136;0.00774;0.04888;0.00567
"choisir";-0.09683;0.02649;0.01219;0.00066
"choix";-0.22789;0.17356;0.02346;0.00288
"art";0.20267;0.15724;0.10566;0.06681
"dont";-0.00597;9e-05;0.09487;0.03548
"principe";0.48182;0.17633;0.41132;0.20089
"femme";0.46811;0.33954;0.01905;0.00088
"possible";-0.00552;7e-05;0.0576;0.0115
"contre";-0.56843;0.24542;-0.24416;0.07078
"débat";0.29536;0.11397;0.39768;0.32299
"lieu";0.07907;0.02013;0.19547;0.19236
"site";0.41261;0.35173;-0.06931;0.01551
"action";-0.18389;0.02877;-0.02135;0.00061
"donner";0.15544;0.05139;-0.06126;0.01248
"comment";-0.1341;0.0448;-0.26802;0.27977
"puissance";0.41368;0.64993;0.29489;0.51626
"prendre";-0.01638;0.00057;0.07092;0.01672
"groupe";0.09384;0.00829;0.63716;0.59773
"enjeu";-0.13853;0.03673;-0.15675;0.07352
"rôle";-0.09125;0.01619;-0.21196;0.13657
"partie";0.48859;0.65276;-0.31307;0.41897
"compétence";0.15558;0.03162;-0.14926;0.0455
"réflexion";-0.08938;0.00485;-0.13425;0.01712
"si";-0.08874;0.01794;0.08101;0.02338
"homme";-0.25751;0.10678;0.0827;0.01722
"étudier";0.28665;0.19222;-0.11834;0.05121
"agir";0.05729;0.00548;0.04714;0.0058
"ensemble";0.11821;0.02972;0.00758;0.00019
"population";-0.42852;0.53001;-0.38437;0.6666
"éducation";-0.57153;0.44659;-0.3731;0.29752
"séquence";1.0632;0.17172;-0.31733;0.02391
"violence";0.41303;0.08293;-0.46796;0.16642
"ville";-0.09682;0.03276;0.17125;0.16018
"certain";0.12135;0.03221;-0.01885;0.00121
"inégalité";-0.22781;0.1356;-0.2961;0.35812
"sans";0.1311;0.047;-0.08498;0.03087
"proposer";-0.27142;0.06938;0.05571;0.00457
"révolution";0.19818;0.10501;0.88855;3.29987
"développer";-0.20534;0.0807;-0.23937;0.17144
"année";0.57813;0.77176;0.06693;0.01617
"États";-0.07129;0.01606;0.07372;0.02684
"montrer";-0.11459;0.03311;-0.33016;0.42972
"lier";-0.10403;0.02137;-0.09051;0.02529
"opinion";0.43172;0.0453;0.30915;0.03631
"autour";-0.38739;0.22341;-0.10889;0.0276
"problématique";-0.33549;0.26332;-0.26107;0.24926
"idée";0.23819;0.09998;0.31246;0.26895
"parcours";0.27143;0.13431;-0.22419;0.14324
"presse";0.21452;0.03356;0.71075;0.57583
"bien";-0.22094;0.11865;0.0549;0.01145
"général";-0.00967;0.00018;-0.18887;0.10673
"appuyer";-0.21737;0.06173;0.13764;0.03869
"travers";-0.1472;0.03094;0.17069;0.06504
"acteur";-0.04141;0.00448;0.21498;0.18878
"engagement";0.32061;0.07183;0.30286;0.1002
"fait";-0.02272;0.00091;0.19778;0.10776
"valeur";0.13945;0.01418;-0.05231;0.00312
"lui";-0.09391;0.01366;-0.04524;0.00496
"information";0.10496;0.00837;0.58865;0.41144
"approche";-0.25976;0.17426;-0.06112;0.01508
"relation";-0.10678;0.02737;0.03765;0.00532
"lequel";0.17372;0.06143;0.03508;0.00392
"réseau";0.15953;0.03943;0.50474;0.61711
"second";0.34706;0.20127;-0.25252;0.16658
"carte";0.1008;0.02964;0.10933;0.0545
"évolution";0.2414;0.09738;-0.52942;0.73217
"point";0.06571;0.00774;-0.16055;0.07223
"construire";0.27175;0.13911;-0.18056;0.096
"international";0.35838;0.26925;0.23302;0.17794
"risque";-0.93049;2.26227;-0.55728;1.2685
"poser";0.02986;0.00133;-0.08527;0.01692
"définir";-0.25103;0.03063;0.21875;0.03636
"racisme";0.28129;0.00481;1.12843;0.12096
"géographie";0.06764;0.01251;-0.20814;0.18519
"diversité";-0.33328;0.10124;0.10027;0.01433
"représenter";-0.46729;0.11278;-0.03392;0.00093
"fort";-0.12934;0.03609;-0.00244;2e-05
"humain";-0.45989;0.40483;-0.04355;0.00567
"porter";0.2521;0.07917;-0.08463;0.01395
"majeur";-0.06291;0.00938;-0.12214;0.05527
"représentant";-0.42016;0.03218;0.26091;0.0194
"où";-0.18307;0.06415;-0.21183;0.13426
"construction";0.57688;0.57632;-0.48138;0.62733
"urbain";0.179;0.08859;-0.01444;9e-04
"pratique";-0.03443;0.00238;0.00682;0.00015
"quelque";-0.05887;0.00853;0.26093;0.26193
"effet";0.02171;0.00102;-0.09882;0.03293
"pédagogique";0.01825;0.00016;0.80311;0.49014
"rapport";-0.18872;0.05951;0.10846;0.03073
"dimension";0.0831;0.00986;0.11328;0.02865
"culturel";0.09332;0.02143;0.30021;0.34672
"projet";0.45877;0.24938;-0.19873;0.07315
"identifier";-0.10736;0.01156;0.40405;0.25588
"alors";0.093;0.01314;0.0913;0.0198
"terme";-0.19269;0.05866;-0.07643;0.01443
"identité";0.25913;0.01836;0.2074;0.01839
"sous";-0.04811;0.00415;-0.09684;0.02628
"sein";-0.12947;0.02546;-0.10341;0.0254
"respect";-0.18634;0.00316;0.55008;0.04311
"métropole";0.51603;0.66341;0.53602;1.11897
"principal";0.15951;0.04638;-0.16155;0.07437
"crise";0.71034;1.04246;-0.17418;0.09799
"présenter";0.09532;0.00966;-0.13562;0.03058
"selon";-0.20377;0.05551;0.25435;0.1352
"État";-0.22754;0.08022;-0.05281;0.00675
"objectif";0.07477;0.00272;-0.38364;0.11185
"démocratique";1.27784;0.84338;-0.7142;0.41185
"démarche";0.10928;0.01415;-0.21852;0.08845
"http";0.32309;0.2442;-0.07327;0.01963
"collège";0.40679;0.04022;-0.727;0.20082
"séance";0.28129;0.0024;1.12843;0.06048
"non";0.05075;0.00336;-0.55947;0.63924
"y";0.02815;0.00132;-0.13512;0.04769
"important";-0.02221;0.00051;0.16171;0.04223
"capacité";-0.00059;0;-0.06185;0.00781
"heure";0.11433;0.00357;0.47513;0.0965
"encore";0.12811;0.02543;0.30819;0.23007
"période";-0.08658;0.01526;0.19332;0.11892
"local";-0.17426;0.05904;-0.12613;0.04835
"dynamique";0.35694;0.29805;-0.13586;0.0675
"nombreux";-0.132;0.02965;0.11463;0.03495
"entrée";0.11358;0.01568;-0.18485;0.06491
"document";0.31549;0.16935;-0.48088;0.61504
"Afrique";-0.30726;0.22659;0.29874;0.33486
"règle";-0.42016;0.03218;0.26091;0.0194
"article";-0.18634;0.00949;0.55008;0.12934
"religieux";-0.76565;1.19331;-0.16637;0.08808
"très";-0.28175;0.15194;0.17677;0.0935
"aller";0.00809;0.00013;0.0594;0.01106
"fin";0.05129;0.00432;-0.04964;0.00632
"souligner";-0.00568;4e-05;-0.09595;0.01618
"proposition";0.28129;0.0024;1.12843;0.06048
"enseignement";0.1666;0.04048;-0.10251;0.02396
"constituer";0.14642;0.03192;0.14095;0.04624
"contexte";0.0283;0.00144;0.20212;0.11448
"depuis";0.25556;0.12302;0.05885;0.0102
"chacun";0.58209;0.25736;0.05277;0.00331
"consacrer";-0.19159;0.06357;0.33195;0.2983
"région";0.48927;0.49456;-0.21105;0.14385
"n";0.11308;0.01942;-0.20557;0.10035
"croissance";-0.7475;1.27323;-0.14393;0.07379
"organisation";0.00114;0;0.03222;0.00291
"durable";-0.55421;0.63457;-0.31883;0.3283
"production";0.02848;0.00103;0.0498;0.00495
"fois";0.01118;0.00021;0.00448;5e-05
"cela";0.0289;0.00063;-0.30967;0.11386
"particulier";-0.05431;0.00358;-0.09088;0.01569
"élection";0.6746;0.17974;0.0682;0.00287
"connaître";0.09865;0.01005;0.1929;0.06009
"pourquoi";0.39203;0.13541;-0.12127;0.02025
"sens|sen";0.22889;0.06686;0.29767;0.17675
"moins";-0.11492;0.01765;0.09006;0.01695
"vote";0.90875;0.67744;-0.03174;0.00129
"occasion";0.19583;0.05593;-0.06637;0.01004
"part";-0.32708;0.18201;0.0888;0.02097
"caractère";-0.18272;0.01927;-0.29203;0.07696
"lutte";-0.62057;0.16381;0.01305;0.00011
"trois";-0.0972;0.0155;0.06459;0.0107
"afin";0.18119;0.01795;0.11101;0.01054
"voir";0.04403;0.00224;0.20006;0.07224
"mode";-0.42847;0.2008;-0.08447;0.0122
"collectif";-0.22687;0.02189;0.21273;0.03009
"publique";0.44846;0.12832;-0.00525;3e-05
"manière";0.01547;0.00038;-0.12832;0.04066
"façon";-0.01923;6e-05;-0.0475;0.00054
"amener";-0.05467;0.00154;0.47638;0.18324
"pauvreté";-0.85341;1.50467;-0.2749;0.24407
"limite";0.11749;0.00461;-0.53644;0.15034
"fr";0.34091;0.20833;-0.22915;0.14714
"organiser";-0.0276;0.00056;0.07619;0.00662
"fondamental";0.09278;0.00445;-0.0509;0.00209
"définition";-0.26973;0.01768;-0.55836;0.11846
"plusieurs";0.0548;0.0042;0.3238;0.22906
"donc";-0.28648;0.08228;-0.18304;0.05251
"réfléchir";0.67224;0.1373;0.40555;0.07812
"réaliser";0.44965;0.172;0.04409;0.00259
"face";-0.03205;0.00122;-0.2902;0.15599
"perspective";-0.12113;0.0263;-0.25531;0.18266
"condition";-0.24768;0.08014;0.19368;0.07661
"troisième";1.15008;1.56725;-0.47796;0.42316
"texte";0.05595;0.00266;-0.15559;0.03219
"interroger";0.29481;0.07922;-0.19528;0.05433
"activité";-0.16085;0.03616;-0.03033;0.00201
"démographique";-0.96972;1.82851;-0.48159;0.705
"médias";-0.27987;0.0119;0.43441;0.04482
"vers";-0.20716;0.07302;0.02168;0.00125
"éviter";0.01239;0.00025;-0.61903;0.98282
"association";-0.25829;0.02635;0.46111;0.13128
"tel";-0.44837;0.23821;-0.18642;0.06437
"image";-0.04155;0.00236;0.28235;0.17039
"universel";0.37293;0.09719;0.01789;0.00035
"finalité";1.58447;0.15255;-1.28116;0.15591
"autrui";0.28129;0.0024;1.12843;0.06048
"moyen";-0.44239;0.26758;-0.03467;0.00257
"régime";1.00147;1.15792;-0.20319;0.07451
"rendre";-0.07153;0.00715;-0.00727;0.00012
"devenir";-0.12349;0.02317;0.14526;0.05011
"origine";-0.19401;0.0446;0.23127;0.09907
"spatial";0.27813;0.14337;0.06976;0.0141
"analyser";-0.10828;0.00962;-0.39593;0.20102
"notre";0.24251;0.03216;-0.48337;0.19975
"conflit";0.35499;0.22972;-0.52299;0.77944
"Histoire";0.19764;0.06527;-0.29108;0.22134
"aujourd'hui";-0.28345;0.08056;-0.05745;0.00517
"flux";0.20995;0.07902;1.0402;3.03206
"conduire";0.11695;0.01621;0.1003;0.01863
"www";0.43697;0.33647;-0.20435;0.11504
"objet";0.40393;0.08923;-0.06033;0.00311
"cur";-0.17562;0.02343;0.24165;0.06934
"ordre";-0.39616;0.21935;0.02833;0.00175
"conquête";-0.36858;0.14446;-0.01998;0.00066
"exprimer";0.00809;2e-05;0.0594;0.00184
"global";-0.49481;0.40912;-0.27009;0.19056
"analyse";-0.03505;0.00142;-0.10939;0.0216
"différence";0.11433;0.00357;0.47513;0.0965
"support";-0.10168;0.01414;0.29734;0.18896
"particulièrement";0.21545;0.05782;-0.22804;0.10126
"régional";0.44431;0.33588;-0.17794;0.08422
"évidence";-0.46467;0.23616;-0.01754;0.00053
"empire";-0.73306;0.93063;-0.33771;0.30876
"expliquer";-0.18322;0.02244;-0.17719;0.03281
"pauvre";-0.71738;0.92252;-0.10668;0.03189
"vivre";0.06795;0.00323;-0.35929;0.14101
"suffrage";0.68853;0.23046;0.37543;0.10711
"loin";-0.09942;0.01502;0.01418;0.00048
"engager";0.05779;0.00132;0.54268;0.18184
"intérêt";0.15803;0.01973;0.35733;0.15767
"mobilité";0.5552;0.52445;0.39005;0.40466
"aménagement";0.98667;1.65634;-0.87155;2.02033
"niveau";-0.62056;0.4563;-0.09004;0.01502
"stéréotype";1.58447;0.07628;-1.28116;0.07796
"essentiel";-0.68943;0.46212;-0.32344;0.159
"documentation";0.15437;0.04055;-0.10567;0.0297
"Louis";-0.44699;0.33994;0.15592;0.06466
"justice";-0.04155;0.00047;0.28235;0.03408
"mener";0.081;0.00319;-0.12461;0.0118
"dignité";-1.12161;0.03822;-0.6066;0.01748
"mobiliser";0.07662;0.0041;0.00112;0
"système";-0.21114;0.06366;-0.0795;0.01411
"changement";-0.65061;0.64302;-0.26537;0.16723
"individu";0.25013;0.03041;-0.16677;0.02113
"parmi";0.12992;0.02205;0.09955;0.02024
"nombre";-0.48598;0.25115;-0.05028;0.0042
"santé";-0.9863;1.18223;-0.64033;0.77896
"respecter";-0.06944;0.00059;0.69467;0.09168
"inviter";0.26769;0.0479;0.56325;0.33149
"civique";0.39839;0.0868;-0.29059;0.07219
"avant";0.13562;0.01229;0.21713;0.04926
"connaissance";0.17565;0.01687;-0.11925;0.01216
"maritime";0.26652;0.11654;0.51441;0.67867
"XIXe";0.31567;0.10597;0.94116;1.47247
"mesure";-0.31156;0.07078;0.06011;0.00412
"la";-0.16962;0.01923;0.38798;0.15729
"utiliser";-0.26979;0.0575;-0.01712;0.00036
"nécessaire";-0.23145;0.02767;-0.21534;0.03744
"domaine";0.2094;0.04263;-0.09147;0.01272
"union";1.50094;3.28541;-1.21691;3.37602
"école";-0.59552;0.1724;0.04403;0.00147
"colonial";0.33044;0.16919;0.95267;2.19837
"échange";-0.06829;0.00638;0.428;0.39152
"aspect";0.31324;0.12223;-0.30326;0.17909
"marquer";-0.17252;0.04612;0.01524;0.00056
"affaire";0.39523;0.10441;0.72098;0.54315
"élément";-0.02345;4e-04;0.24889;0.07061
"souvent";-0.2197;0.05866;0.10671;0.02163
"territorial";0.24522;0.08587;-0.37069;0.30674
"chaque";-0.08439;0.00433;0.07298;0.00506
"exercice";0.24805;0.01682;-0.25311;0.02739
"antisémitisme";-1.12161;0.03822;-0.6066;0.01748
"concret";-0.04899;0.0027;-0.36688;0.23654
"puis";-0.13022;0.01443;0.18864;0.04732
"nation";-0.03494;0.00119;0.36033;0.19733
"individuel";-0.10611;0.00513;0.11314;0.00912
"conscience";-0.31156;0.03539;0.06011;0.00206
"importance";-0.45619;0.15807;-0.10536;0.01318
"savoir";-0.13853;0.01224;-0.15675;0.02451
"dossier";0.31347;0.07464;0.20312;0.04899
"roi";-0.72078;0.77343;-0.11088;0.02861
"historique";0.15548;0.02864;0.25106;0.11675
"ensuite";-0.21471;0.02801;0.31394;0.09362
"traite";0.02877;0.00126;0.81612;1.58171
"traiter";0.49406;0.24473;-0.31444;0.15496
"critique";0.26704;0.03033;0.53634;0.19127
"responsabilité";-0.56045;0.04772;0.08741;0.00181
"participer";-0.07775;0.0022;0.34928;0.06953
"États-Unis";0.32145;0.15697;0.53469;0.67892
"dernier";-0.14013;0.02028;0.25242;0.10289
"source";-0.53616;0.33189;-0.0942;0.01602
"industriel";0.15456;0.03556;0.47929;0.53461
"technologique";-0.11608;0.01228;-0.30132;0.12937
"accès";-0.92689;0.91358;-0.59558;0.58964
"prise";-0.42469;0.12056;0.07252;0.0055
"établissement";0.78262;0.09304;-0.66433;0.10481
"numérique";0.38169;0.04426;-0.35592;0.06017
"évoquer";0.24503;0.0602;-0.37871;0.22478
"photographique";0.13856;0.02741;0.01075;0.00026
"peuple";0.26467;0.02554;0.43766;0.10917
"enfin";0.4351;0.08628;-0.02177;0.00034
"mouvement";0.226;0.05897;0.31929;0.18399
"environnement";-0.37452;0.14063;-0.41379;0.26836
"lors";0.03085;0.00052;0.14849;0.01885
"professionnel";0.25505;0.03755;0.03774;0.00129
"moral";0.49366;0.12587;-0.0282;0.00064
"penser";-0.26982;0.03982;0.22344;0.04268
"après";0.30146;0.08283;0.08103;0.00936
"commun";-0.08813;0.00378;-0.08245;0.00517
"début";-0.25103;0.06127;0.21875;0.07273
"cycle";-0.00838;8e-05;-0.20797;0.07601
"exercer";0.34588;0.05089;-0.22786;0.03452
"repère";0.41269;0.21733;-0.14524;0.04208
"EMC";1.32383;0.26623;-0.79924;0.1517
"phénomène";0.05198;0.00369;0.39802;0.33859
"transformation";0.12394;0.0196;-0.02363;0.00111
"lumière";0.24551;0.07692;0.98843;1.94892
"science";-0.13022;0.01443;0.18864;0.04732
"limiter";-0.12502;0.0171;-0.04429;0.00335
"confronter";-0.00492;2e-05;0.00849;7e-05
"compte";-0.01923;0.00028;-0.0475;0.00268
"inscrire";-0.0314;0.00099;0.13242;0.02748
"fonctionnement";-0.43262;0.04549;-0.25716;0.02513
"lycée";0.38668;0.09085;-0.14869;0.021
"reposer";0.11749;0.00461;-0.53644;0.15034
"environ";-0.33023;0.12922;0.37213;0.25651
"XVIIIe";0.20745;0.04969;1.03711;1.94125
"envisager";-0.18413;0.03193;0.03395;0.0017
"offrir";-0.01923;0.00039;-0.0475;0.00375
"seul";0.3074;0.07751;0.11816;0.0179
"cause";0.04486;0.00153;0.35347;0.14835
"sujet";0.3037;0.07566;-0.03535;0.0016
"religion";-0.6287;0.44433;0.003;2e-05
"jusque";-0.01069;0.00012;0.30775;0.15744
"inégal";-0.53899;0.37953;-0.07308;0.01091
"public";0.32435;0.06712;0.22423;0.05015
"militaire";0.18579;0.04615;-0.26918;0.15142
"représentatif";0.60708;0.04479;0.52603;0.05257
"républicain";0.55342;0.13027;0.31604;0.06642
"cependant";0.01833;0.00041;0.09949;0.0188
"réalité";0.30948;0.07275;0.03734;0.00166
"considérer";0.01423;7e-05;-0.54228;0.1676
"chercher";0.10325;0.00875;0.01462;0.00027
"écrire";-0.36546;0.04464;-0.03701;0.00072
"commerce";-0.06944;0.00645;0.69467;1.00846
"besoin";-0.93964;1.01936;-0.48738;0.42871
"paysage";0.03323;0.00141;0.24717;0.12187
"fonder";-0.05396;0.0023;0.24981;0.07706
"divers";0.2528;0.05437;-0.05575;0.00413
"récit";-0.29411;0.09199;-0.15767;0.04133
"personnel";-0.15952;0.00773;-0.221;0.0232
"fonction";-0.34494;0.05784;-0.14873;0.01681
"concerner";-0.1107;0.00856;-0.40539;0.17953
"handicap";0.28129;0.0024;1.12843;0.06048
"tension";0.25913;0.05508;0.2074;0.05516
"Paris";0.62332;0.40134;0.36869;0.21951
"abord";-0.47861;0.16703;0.18862;0.04055
"centre";0.44693;0.13958;0.63393;0.439
"eux";-0.0935;0.00717;0.21809;0.06099
"alimentaire";-1.08821;1.51109;-0.56529;0.63744
"trouver";-0.616;0.25363;-0.16407;0.02813
"agricole";-0.65473;0.53399;-0.51959;0.52573
"mieux";-0.30811;0.04903;-0.0736;0.00437
"prévention";-1.12161;0.84086;-0.6066;0.38448
"processus";0.38767;0.15068;0.407;0.25962
"entreprise";0.20865;0.05291;0.93806;1.67174
"riche";-0.57046;0.37571;-0.03079;0.00171
"acquérir";0.26882;0.01756;0.61035;0.14155
"moment";0.04456;0.00199;-0.13921;0.03037
"5e";-0.91746;0.6905;-0.50306;0.32453
"répondre";0.13886;0.01523;-0.43971;0.23876
"eau";-1.12161;1.52884;-0.6066;0.69906
"parfois";-0.0972;0.00775;0.06459;0.00535
"citoyenneté";1.15008;0.36167;-0.47796;0.09765
"cours|cour";0.33153;0.06011;0.07354;0.00462
"raison";-0.21535;0.03241;0.16454;0.02957
"rester";-0.1195;0.01085;0.31105;0.11488
"communauté";-0.42016;0.04291;0.26091;0.02587
