lemmes,3,4,5
le,2063,4546,4197
de,1269,2903,2653
du,616,1665,1488
et,565,1193,1149
un,369,734,734
à,296,695,689
être,280,661,580
en,272,639,536
@card@,316,598,322
dans,199,428,394
au,172,416,392
ce,134,328,320
sur,110,266,214
par,124,303,267
que,106,249,236
pouvoir,110,207,225
se,113,263,237
pour,88,202,203
qui,85,277,260
ou,97,208,217
il,57,169,122
son,51,197,172
élève,47,61,70
avec,59,145,126
permettre,57,116,106
leur,39,157,76
thème,146,179,140
avoir,65,120,120
plus,47,153,131
liberté,4,21,3
faire,56,84,89
étude,47,116,166
ne,56,136,112
comme,42,106,76
elle,35,143,62
entre,42,75,125
politique,64,101,66
droit,15,22,10
on,47,123,108
pas,49,97,74
question,47,57,68
mais,38,87,76
tout,34,73,60
autre,20,51,59
grand,41,136,93
celui,38,72,83
professeur,3,18,27
monde,51,102,110
société,30,61,89
mettre,28,79,75
exemple,52,81,79
expression,4,17,3
devoir,24,58,58
représentation,1,20,12
développement,19,60,154
siècle,15,103,91
classe,37,37,38
espace,74,103,59
territoire,120,68,47
comprendre,33,32,45
aborder,50,46,58
premier,41,63,47
programme,37,65,58
différent,29,51,44
pays,11,88,122
aussi,33,56,29
la|le,29,52,46
France,76,63,31
ainsi,18,65,46
mondial,58,102,50
échelle,35,73,60
temps,12,49,59
social,18,59,54
nouveau,44,70,35
histoire,31,74,48
européen,98,61,21
lien,25,36,41
travail,17,24,14
démocratie,17,8,1
loi,9,16,3
français,73,45,10
mondialisation,15,167,9
culture,6,43,19
national,21,52,13
deux,34,47,55
cas,20,46,90
discrimination,0,1,0
ressource,7,20,70
même,18,60,42
égalité,6,7,2
œuvre,21,87,48
également,10,29,20
partir,19,37,56
travailler,12,17,9
cadre,11,28,34
vie,10,38,49
notion,17,21,17
notamment,18,40,32
mise,19,52,48
guerre,100,36,16
Europe,32,82,41
personne,2,12,5
place,26,50,27
citoyen,12,14,7
république,39,24,3
situation,7,27,28
économique,20,69,41
quel,34,34,38
forme,8,22,20
choisir,15,39,39
choix,13,45,52
art,29,63,34
dont,14,39,30
principe,6,17,2
femme,17,25,9
possible,13,33,27
contre,2,6,17
débat,8,28,7
lieu,18,56,32
site,23,30,15
action,4,11,13
donner,18,29,23
comment,18,23,41
puissance,31,77,17
prendre,12,32,26
groupe,2,23,6
enjeu,12,21,30
rôle,14,20,30
partie,38,30,22
compétence,12,16,15
réflexion,4,7,9
si,11,34,30
homme,5,23,25
étudier,24,31,22
agir,11,25,19
ensemble,16,31,23
population,15,18,62
éducation,5,8,32
séquence,3,2,0
violence,7,4,5
ville,14,57,44
certain,17,31,24
inégalité,17,22,47
sans,23,36,31
proposer,3,13,15
révolution,3,77,8
développer,12,18,33
année,27,40,9
États,16,47,41
montrer,20,21,42
lier,12,24,29
opinion,2,5,1
autour,5,16,28
problématique,12,20,45
idée,11,35,12
parcours,20,21,19
presse,2,19,3
bien,9,34,37
général,15,21,27
appuyer,4,20,19
travers,5,23,19
acteur,11,45,30
engagement,5,14,4
fait,8,30,20
valeur,6,10,8
lui,9,20,22
information,2,18,5
approche,11,31,43
relation,12,34,33
lequel,16,31,20
réseau,6,35,10
second,20,19,16
carte,19,47,30
évolution,22,11,22
point,15,21,23
construire,20,23,19
international,17,40,12
risque,4,4,78
poser,11,19,19
définir,1,8,7
racisme,0,2,0
géographie,24,30,36
diversité,2,13,15
représenter,1,6,10
fort,11,29,31
humain,4,22,37
porter,12,17,12
majeur,16,28,34
représentant,0,3,3
où,12,19,32
construction,28,15,14
urbain,23,40,28
pratique,12,28,26
quelque,9,44,28
effet,16,27,28
pédagogique,0,13,3
rapport,6,25,24
dimension,9,23,15
culturel,12,47,22
projet,15,15,9
identifier,2,20,11
alors,10,24,16
terme,8,19,25
identité,2,5,2
sous,12,22,25
sein,9,18,23
respect,0,2,1
métropole,18,61,3
principal,17,22,21
crise,31,29,8
présenter,9,13,13
selon,3,23,18
État,7,19,25
objectif,5,4,7
démocratique,13,4,0
démarche,11,13,15
http,24,33,20
collège,4,1,3
séance,0,1,0
non,15,7,21
y,13,20,22
important,5,17,12
capacité,9,17,17
heure,1,6,2
encore,8,30,13
période,8,34,25
local,11,22,31
dynamique,26,31,20
nombreux,7,26,23
entrée,11,14,15
document,23,13,20
Afrique,2,42,35
règle,0,3,3
article,0,6,3
religieux,0,17,50
très,4,30,29
aller,12,30,24
fin,12,22,20
souligner,8,14,15
proposition,0,1,0
enseignement,13,19,16
constituer,10,25,14
contexte,9,31,19
depuis,16,30,16
chacun,9,13,3
consacrer,3,32,22
région,27,26,15
n,14,17,19
croissance,0,20,55
organisation,11,26,22
durable,7,14,47
production,8,19,15
fois,11,24,21
cela,7,7,11
particulier,8,15,17
élection,5,7,1
connaître,6,18,10
pourquoi,10,12,7
sens|sen,8,25,9
moins,6,20,18
vote,13,14,0
occasion,13,20,15
part,4,24,28
caractère,4,5,10
lutte,0,5,9
trois,8,24,22
afin,4,9,5
voir,6,20,12
mode,3,12,21
collectif,1,7,6
publique,7,10,4
manière,12,19,21
façon,1,2,2
amener,1,11,5
pauvreté,0,13,55
limite,4,2,5
fr,21,21,17
organiser,4,11,9
fondamental,4,7,6
définition,2,1,5
plusieurs,6,27,13
donc,5,10,18
réfléchir,3,7,0
réaliser,9,14,5
face,10,11,18
perspective,13,17,29
condition,3,21,19
troisième,26,13,0
texte,7,10,11
interroger,10,11,9
activité,7,18,21
démographique,1,5,58
médias,0,3,2
vers,7,23,26
éviter,19,7,28
association,0,8,5
tel,4,11,24
image,5,25,15
universel,7,11,5
finalité,2,0,0
autrui,0,1,0
moyen,3,16,26
régime,21,17,0
rendre,8,19,19
devenir,6,24,20
origine,3,20,16
spatial,16,30,15
analyser,7,6,14
notre,7,4,7
conflit,26,13,21
Histoire,18,17,20
aujourd'hui,4,12,17
flux,0,56,3
conduire,8,19,12
www,22,22,14
objet,6,8,4
cur,2,13,10
ordre,3,18,25
conquête,3,13,19
exprimer,2,5,4
global,6,13,36
analyse,8,14,16
différence,1,6,2
support,4,25,16
particulièrement,13,14,14
régional,21,22,13
évidence,2,13,21
empire,3,10,44
expliquer,4,7,11
pauvre,0,17,42
vivre,7,6,10
suffrage,5,11,0
loin,8,21,21
engager,1,9,3
intérêt,4,16,6
mobilité,15,38,3
aménagement,40,7,9
niveau,1,12,26
stéréotype,1,0,0
essentiel,2,6,24
documentation,15,22,19
Louis,1,25,30
justice,1,5,3
mener,4,6,6
dignité,0,0,1
mobiliser,5,10,8
système,7,17,23
changement,3,11,36
individu,5,6,5
parmi,9,21,13
nombre,2,12,21
santé,2,0,38
respecter,0,3,1
inviter,3,16,3
civique,7,6,5
avant,4,12,6
connaissance,5,7,6
maritime,8,38,8
XIXe,2,32,1
mesure,2,10,12
la,1,13,8
utiliser,3,10,13
nécessaire,3,5,9
domaine,9,13,10
union,46,1,1
école,0,6,10
colonial,3,47,1
échange,3,28,14
aspect,15,13,13
marquer,7,21,23
affaire,3,18,1
élément,3,13,8
souvent,4,18,18
territorial,17,13,17
chaque,3,9,8
exercice,3,3,3
antisémitisme,0,0,1
concret,10,9,18
puis,3,14,11
nation,3,19,10
individuel,2,7,6
conscience,1,5,6
importance,2,8,15
savoir,4,7,10
dossier,6,14,5
roi,0,14,35
historique,7,22,10
ensuite,1,11,8
traite,0,41,9
traiter,14,11,8
critique,2,10,2
responsabilité,0,2,3
participer,1,7,4
États-Unis,8,36,6
dernier,3,18,13
source,2,12,24
industriel,6,33,10
technologique,7,8,15
accès,2,1,32
prise,1,9,12
établissement,3,1,1
numérique,4,3,3
évoquer,12,9,12
photographique,11,21,15
peuple,2,8,2
enfin,5,7,3
mouvement,7,23,8
environnement,6,6,21
lors,3,9,6
professionnel,5,9,5
moral,6,8,3
penser,1,9,8
après,8,15,7
commun,3,6,7
début,2,16,14
cycle,9,12,16
exercer,5,5,4
repère,15,17,10
EMC,4,1,0
phénomène,5,28,12
transformation,10,18,14
lumière,1,39,2
science,3,14,11
limiter,6,14,16
confronter,4,9,8
compte,5,10,10
inscrire,5,16,12
fonctionnement,1,2,5
lycée,7,8,5
reposer,4,2,5
environ,0,22,17
XVIIIe,0,36,2
envisager,4,13,14
offrir,7,14,14
seul,7,14,6
cause,3,15,7
sujet,8,12,7
religion,0,13,24
jusque,4,20,11
inégal,2,14,27
public,5,12,4
militaire,14,14,16
représentatif,1,3,0
républicain,4,9,1
cependant,7,19,14
réalité,7,12,6
considérer,4,2,6
chercher,6,12,9
écrire,1,4,6
commerce,0,33,11
besoin,1,3,34
paysage,6,23,13
fonder,3,14,9
divers,8,12,8
récit,5,11,19
personnel,2,3,5
fonction,2,5,9
concerner,6,5,12
handicap,0,1,0
tension,6,15,6
Paris,10,23,1
abord,0,11,13
centre,4,18,1
eux,3,14,10
alimentaire,0,1,41
trouver,1,6,15
agricole,5,4,32
mieux,2,6,9
prévention,0,0,22
processus,7,22,4
entreprise,1,36,3
riche,1,13,24
acquérir,1,6,1
moment,8,12,13
5e,1,2,24
répondre,9,6,11
eau,0,0,40
parfois,4,12,11
citoyenneté,6,3,0
cours|cour,5,9,4
raison,2,11,10
rester,2,14,9
communauté,0,4,4
