"lemmes","-","3","4","5"
"le",8092,2063,4546,4197
"de",5299,1269,2903,2653
"du",2152,616,1665,1488
"et",2261,565,1193,1149
"un",1290,369,734,734
"à",1339,296,695,689
"être",1002,280,661,580
"en",963,272,639,536
"@card@",654,316,598,322
"dans",643,199,428,394
"au",664,172,416,392
"ce",738,134,328,320
"(",378,152,397,388
")",378,151,395,388
"sur",681,110,266,214
"par",432,124,303,267
"que",504,106,249,236
"pouvoir",508,110,207,225
":",307,195,267,255
"se",411,113,263,237
"pour",496,88,202,203
"qui",357,85,277,260
"«",473,136,183,148
"»",474,135,184,147
"ou",418,97,208,217
"il",442,57,169,122
"son",309,51,197,172
"élève",442,47,61,70
"avec",260,59,145,126
"permettre",263,57,116,106
"leur",256,39,157,76
"thème",49,146,179,140
"avoir",169,65,120,120
"plus",131,47,153,131
"liberté",428,4,21,3
"faire",225,56,84,89
"étude",120,47,116,166
"ne",145,56,136,112
"comme",216,42,106,76
"elle",159,35,143,62
"/",58,90,134,110
"entre",146,42,75,125
"politique",155,64,101,66
"droit",321,15,22,10
"?",162,47,65,78
"on",63,47,123,108
"pas",109,49,97,74
"question",151,47,57,68
"mais",122,38,87,76
"tout",145,34,73,60
"autre",179,20,51,59
"grand",38,41,136,93
"celui",115,38,72,83
"professeur",252,3,18,27
"monde",31,51,102,110
"société",112,30,61,89
"mettre",108,28,79,75
"exemple",77,52,81,79
"expression",261,4,17,3
"devoir",138,24,58,58
"représentation",241,1,20,12
"développement",17,19,60,154
"siècle",41,15,103,91
"classe",138,37,37,38
"espace",13,74,103,59
"territoire",14,120,68,47
"comprendre",136,33,32,45
"aborder",87,50,46,58
"premier",88,41,63,47
"programme",78,37,65,58
"différent",113,29,51,44
"pays",14,11,88,122
"aussi",112,33,56,29
"la|le",102,29,52,46
"France",56,76,63,31
"ainsi",95,18,65,46
"mondial",6,58,102,50
"échelle",46,35,73,60
"temps",93,12,49,59
"social",79,18,59,54
"nouveau",61,44,70,35
"histoire",50,31,74,48
"européen",21,98,61,21
"lien",99,25,36,41
"travail",143,17,24,14
"démocratie",171,17,8,1
"loi",169,9,16,3
"français",66,73,45,10
"mondialisation",2,15,167,9
"culture",118,6,43,19
"national",99,21,52,13
"-",37,83,35,28
"deux",44,34,47,55
"cas",23,20,46,90
"discrimination",175,0,1,0
"ressource",78,7,20,70
"même",54,18,60,42
"égalité",158,6,7,2
"œuvre",16,21,87,48
"également",111,10,29,20
"partir",57,19,37,56
"travailler",130,12,17,9
"cadre",93,11,28,34
"vie",68,10,38,49
"notion",110,17,21,17
"notamment",72,18,40,32
"mise",40,19,52,48
"guerre",6,100,36,16
"Europe",2,32,82,41
"personne",138,2,12,5
"place",48,26,50,27
"citoyen",118,12,14,7
"république",83,39,24,3
"situation",85,7,27,28
"économique",14,20,69,41
"quel",36,34,34,38
"forme",92,8,22,20
"choisir",48,15,39,39
"choix",29,13,45,52
"art",12,29,63,34
"dont",55,14,39,30
"principe",112,6,17,2
"femme",86,17,25,9
"possible",63,13,33,27
"contre",111,2,6,17
"débat",92,8,28,7
"lieu",28,18,56,32
"site",65,23,30,15
"action",103,4,11,13
"donner",61,18,29,23
"comment",48,18,23,41
"puissance",5,31,77,17
"prendre",60,12,32,26
"groupe",98,2,23,6
"enjeu",65,12,21,30
"rôle",63,14,20,30
"partie",35,38,30,22
"compétence",82,12,16,15
"réflexion",105,4,7,9
"si",49,11,34,30
"homme",69,5,23,25
"étudier",45,24,31,22
"agir",66,11,25,19
"ensemble",51,16,31,23
"population",26,15,18,62
"éducation",75,5,8,32
"séquence",115,3,2,0
"violence",102,7,4,5
"ville",2,14,57,44
"certain",45,17,31,24
"inégalité",29,17,22,47
"sans",24,23,36,31
"proposer",83,3,13,15
"révolution",26,3,77,8
"développer",50,12,18,33
"année",37,27,40,9
"États",8,16,47,41
"montrer",27,20,21,42
"lier",44,12,24,29
"opinion",101,2,5,1
"autour",60,5,16,28
"problématique",31,12,20,45
"idée",50,11,35,12
"parcours",47,20,21,19
"presse",83,2,19,3
"bien",26,9,34,37
"général",43,15,21,27
"appuyer",63,4,20,19
"travers",59,5,23,19
"acteur",19,11,45,30
"engagement",82,5,14,4
"fait",46,8,30,20
"valeur",80,6,10,8
"lui",52,9,20,22
"information",78,2,18,5
"approche",17,11,31,43
"relation",23,12,34,33
"lequel",35,16,31,20
"réseau",51,6,35,10
"second",47,20,19,16
"carte",5,19,47,30
"évolution",45,22,11,22
"point",41,15,21,23
"construire",37,20,23,19
"international",29,17,40,12
"risque",11,4,4,78
"poser",48,11,19,19
"définir",81,1,8,7
"racisme",94,0,2,0
"géographie",5,24,30,36
"diversité",65,2,13,15
"représenter",78,1,6,10
"fort",23,11,29,31
"humain",31,4,22,37
"porter",52,12,17,12
"majeur",15,16,28,34
"représentant",87,0,3,3
"où",29,12,19,32
"°",25,16,31,20
"construction",35,28,15,14
"urbain",1,23,40,28
"pratique",26,12,28,26
"quelque",10,9,44,28
"effet",20,16,27,28
"pédagogique",75,0,13,3
"rapport",35,6,25,24
"dimension",43,9,23,15
"culturel",8,12,47,22
"projet",50,15,15,9
"identifier",55,2,20,11
"alors",37,10,24,16
"terme",35,8,19,25
"identité",78,2,5,2
"sous",27,12,22,25
"sein",36,9,18,23
"respect",83,0,2,1
"métropole",3,18,61,3
"principal",24,17,22,21
"crise",16,31,29,8
"présenter",49,9,13,13
"selon",39,3,23,18
"État",32,7,19,25
"objectif",67,5,4,7
"démocratique",66,13,4,0
"harcèlement",83,0,0,0
"démarche",43,11,13,15
"http",5,24,33,20
"collège",74,4,1,3
"séance",81,0,1,0
"non",38,15,7,21
"y",26,13,20,22
"important",47,5,17,12
"capacité",38,9,17,17
"heure",72,1,6,2
"encore",29,8,30,13
"période",13,8,34,25
"local",16,11,22,31
"dynamique",3,26,31,20
"nombreux",23,7,26,23
"entrée",39,11,14,15
"document",23,23,13,20
"Afrique",0,2,42,35
"règle",73,0,3,3
"article",69,0,6,3
"religieux",11,0,17,50
"très",14,4,30,29
"aller",11,12,30,24
"fin",23,12,22,20
"souligner",40,8,14,15
"proposition",76,0,1,0
"enseignement",29,13,19,16
"constituer",27,10,25,14
"contexte",17,9,31,19
"depuis",14,16,30,16
"chacun",51,9,13,3
"consacrer",18,3,32,22
"région",7,27,26,15
"n",25,14,17,19
"croissance",0,0,20,55
"organisation",16,11,26,22
"durable",5,7,14,47
"production",31,8,19,15
"fois",17,11,24,21
"cela",48,7,7,11
"particulier",33,8,15,17
"élection",60,5,7,1
"connaître",38,6,18,10
"pourquoi",43,10,12,7
"sens|sen",29,8,25,9
"moins",27,6,20,18
"vote",44,13,14,0
"occasion",22,13,20,15
"part",14,4,24,28
"caractère",51,4,5,10
"lutte",56,0,5,9
"trois",15,8,24,22
"afin",51,4,9,5
"voir",31,6,20,12
"mode",32,3,12,21
"collectif",54,1,7,6
"publique",47,7,10,4
"manière",16,12,19,21
"façon",63,1,2,2
"amener",51,1,11,5
"pauvreté",0,0,13,55
"limite",57,4,2,5
"fr",8,21,21,17
"organiser",43,4,11,9
"fondamental",50,4,7,6
"définition",59,2,1,5
"plusieurs",21,6,27,13
"donc",33,5,10,18
"réfléchir",56,3,7,0
"réaliser",38,9,14,5
"face",27,10,11,18
"perspective",6,13,17,29
"condition",22,3,21,19
"troisième",26,26,13,0
"texte",37,7,10,11
"interroger",35,10,11,9
"activité",19,7,18,21
"démographique",1,1,5,58
"médias",60,0,3,2
"vers",8,7,23,26
"éviter",10,19,7,28
"association",51,0,8,5
"tel",25,4,11,24
"image",19,5,25,15
"universel",41,7,11,5
"finalité",62,2,0,0
"autrui",63,0,1,0
"moyen",18,3,16,26
"régime",25,21,17,0
"rendre",17,8,19,19
"devenir",13,6,24,20
"origine",24,3,20,16
"spatial",2,16,30,15
"analyser",36,7,6,14
"notre",45,7,4,7
"conflit",2,26,13,21
"Histoire",7,18,17,20
"aujourd'hui",29,4,12,17
"flux",2,0,56,3
"conduire",22,8,19,12
"www",3,22,22,14
"objet",43,6,8,4
"cur",35,2,13,10
"ordre",14,3,18,25
"conquête",25,3,13,19
"exprimer",49,2,5,4
"global",5,6,13,36
"analyse",22,8,14,16
"différence",51,1,6,2
"support",14,4,25,16
"particulièrement",18,13,14,14
"régional",3,21,22,13
"évidence",23,2,13,21
"empire",2,3,10,44
"expliquer",37,4,7,11
"pauvre",0,0,17,42
"vivre",36,7,6,10
"suffrage",43,5,11,0
"loin",8,8,21,21
"engager",45,1,9,3
"intérêt",32,4,16,6
"mobilité",2,15,38,3
"aménagement",2,40,7,9
"niveau",19,1,12,26
"stéréotype",57,1,0,0
"essentiel",25,2,6,24
"documentation",1,15,22,19
"Louis",1,1,25,30
"justice",48,1,5,3
"mener",41,4,6,6
"dignité",56,0,0,1
"mobiliser",33,5,10,8
"système",9,7,17,23
"changement",6,3,11,36
"individu",40,5,6,5
"parmi",13,9,21,13
"nombre",21,2,12,21
"santé",16,2,0,38
"respecter",52,0,3,1
"%",1,0,28,26
"inviter",33,3,16,3
"civique",37,7,6,5
"avant",33,4,12,6
"connaissance",36,5,7,6
"maritime",0,8,38,8
"XIXe",19,2,32,1
"mesure",30,2,10,12
"la",32,1,13,8
"utiliser",28,3,10,13
"nécessaire",37,3,5,9
"domaine",22,9,13,10
"union",6,46,1,1
"école",38,0,6,10
"colonial",3,3,47,1
"jugement",54,0,0,0
"échange",8,3,28,14
"aspect",12,15,13,13
"marquer",2,7,21,23
"affaire",31,3,18,1
"élément",29,3,13,8
"souvent",13,4,18,18
"territorial",6,17,13,17
"chaque",33,3,9,8
"exercice",44,3,3,3
"antisémitisme",52,0,0,1
"sexuel",53,0,0,0
"concret",15,10,9,18
"puis",24,3,14,11
"nation",20,3,19,10
"individuel",37,2,7,6
"conscience",40,1,5,6
"importance",27,2,8,15
"savoir",30,4,7,10
"dossier",26,6,14,5
"roi",2,0,14,35
"historique",12,7,22,10
"ensuite",31,1,11,8
"traite",1,0,41,9
"traiter",17,14,11,8
"critique",36,2,10,2
"responsabilité",45,0,2,3
"participer",38,1,7,4
"États-Unis",0,8,36,6
"dernier",15,3,18,13
"source",11,2,12,24
"industriel",0,6,33,10
"technologique",19,7,8,15
"accès",14,2,1,32
"prise",27,1,9,12
"établissement",44,3,1,1
"numérique",39,4,3,3
"évoquer",15,12,9,12
"photographique",1,11,21,15
"peuple",36,2,8,2
"enfin",33,5,7,3
"mouvement",10,7,23,8
"environnement",15,6,6,21
"lors",30,3,9,6
"professionnel",29,5,9,5
"moral",30,6,8,3
"penser",29,1,9,8
"après",17,8,15,7
"commun",31,3,6,7
"début",15,2,16,14
"cycle",10,9,12,16
"exercer",33,5,5,4
"repère",5,15,17,10
"EMC",42,4,1,0
"phénomène",1,5,28,12
"transformation",4,10,18,14
"lumière",4,1,39,2
"science",18,3,14,11
"limiter",10,6,14,16
"confronter",25,4,9,8
"compte",21,5,10,10
"inscrire",13,5,16,12
"fonctionnement",38,1,2,5
"lycée",26,7,8,5
"reposer",35,4,2,5
"environ",6,0,22,17
"XVIIIe",7,0,36,2
"envisager",14,4,13,14
"offrir",10,7,14,14
"seul",18,7,14,6
"cause",20,3,15,7
"sujet",18,8,12,7
"religion",8,0,13,24
"jusque",10,4,20,11
"inégal",2,2,14,27
"public",24,5,12,4
"militaire",1,14,14,16
"représentatif",41,1,3,0
"républicain",31,4,9,1
"cependant",4,7,19,14
"réalité",19,7,12,6
"considérer",32,4,2,6
"chercher",17,6,12,9
"écrire",33,1,4,6
"commerce",0,0,33,11
"besoin",5,1,3,34
"paysage",1,6,23,13
"fonder",17,3,14,9
"divers",15,8,12,8
"récit",8,5,11,19
"personnel",33,2,3,5
"fonction",27,2,5,9
"concerner",20,6,5,12
"handicap",42,0,1,0
"sexiste",43,0,0,0
"tension",15,6,15,6
"Paris",8,10,23,1
"abord",18,0,11,13
"centre",19,4,18,1
"eux",15,3,14,10
"alimentaire",0,0,1,41
"trouver",20,1,6,15
"agricole",1,5,4,32
"mieux",25,2,6,9
"prévention",20,0,0,22
"processus",8,7,22,4
"entreprise",1,1,36,3
"riche",3,1,13,24
"acquérir",33,1,6,1
"moment",8,8,12,13
"5e",14,1,2,24
"répondre",15,9,6,11
"eau",1,0,0,40
"parfois",14,4,12,11
"citoyenneté",32,6,3,0
"cours|cour",22,5,9,4
"raison",17,2,11,10
"rester",15,2,14,9
"communauté",32,0,4,4
